23,0,0,0,0,0,0,0,0,0,0,0,0,0,0,0,0,0,0,0,0,0,0,0,0,0,0,0,0,0,0,0,0,0,0,0,0,0,0,0,0,0,0,0,0,0,0,0,0,0,0,0,0,0,0,0,0,0,0,0,0,0,0,0,0,0,0,1,0,0,0,0,0,0,0,0,0,0,0,0,0,0,0,0,0,0,0,20,114,125,82,37,37,39,115,157,94,21,10,32,37,37,37,37,37,37,37,82,125,114,20,0,0,0,3,109,245,249,233,217,217,217,245,251,234,172,142,203,217,217,217,217,217,217,217,233,249,245,109,3,0,0,4,114,253,254,254,254,254,254,254,254,254,252,251,254,254,254,254,254,254,254,254,254,254,254,127,4,0,0,0,45,214,233,251,254,254,254,254,255,255,255,255,255,255,255,255,255,255,255,255,254,254,251,113,4,0,0,0,0,5,22,82,128,160,184,217,217,218,249,254,255,255,255,255,255,254,254,247,216,170,83,7,0,0,0,0,0,0,0,2,5,16,25,37,40,50,227,254,255,255,254,254,252,245,220,159,38,21,3,0,0,0,0,0,0,0,0,0,0,0,0,9,77,140,247,254,254,254,254,244,177,114,50,20,0,0,0,0,0,0,0,0,0,0,0,0,0,3,34,175,246,254,254,254,253,221,115,46,7,0,0,0,0,0,0,0,0,0,0,0,0,0,0,3,34,84,175,251,254,254,253,234,202,91,4,0,0,0,0,0,0,0,0,0,0,0,0,0,0,0,10,79,204,233,251,254,255,255,239,116,35,7,0,0,0,0,0,0,0,0,0,0,0,0,0,0,0,20,123,220,254,254,254,255,255,255,248,165,37,21,32,9,4,4,4,4,0,0,0,0,0,0,0,0,0,100,238,254,255,255,255,255,255,255,254,253,235,234,245,222,217,217,217,203,115,32,0,0,0,0,0,0,0,33,163,244,254,254,254,255,255,255,255,254,254,254,254,254,254,254,254,254,240,111,3,0,0,0,0,0,0,1,33,126,216,233,250,254,255,255,255,255,255,255,255,255,255,255,254,254,233,82,2,0,0,0,0,0,0,0,0,0,5,22,82,251,255,255,255,255,255,255,254,254,250,233,217,203,110,18,0,0,0,0,0,0,0,0,0,0,0,10,128,254,255,255,254,254,254,254,246,208,140,82,39,32,4,0,0,0,0,0,0,0,0,0,0,0,22,95,221,254,255,254,253,234,217,215,127,46,9,2,0,0,0,0,0,0,0,0,0,0,0,0,0,3,154,232,253,254,254,252,207,95,39,37,8,0,0,0,0,0,0,0,0,0,0,0,0,0,0,0,2,77,247,254,255,254,242,131,9,0,0,0,0,0,0,0,0,0,0,0,0,0,0,0,0,0,0,0,4,125,254,254,252,232,131,32,0,0,0,0,0,0,0,0,0,0,0,0,0,0,0,0,0,0,0,0,4,113,253,246,177,109,22,0,0,0,0,0,0,0,0,0,0,0,0,0,0,0,0,0,0,0,0,0,0,8,111,77,8,0,0,0,0,0,0,0,0,0,0,0,0,0,0,0,0,0,0,0,0,0,0,0,0,0,3,2,0,0,0,0,0,0,0,0,0,0,0,0,0,0,0,0,0,0,0,0,0,0,0,0,0,0,0,0,0,0,0,0,0,0,0,0,0,0,0,0,0,0,0,0,0,0,0,0,0,0,0,0,0,0,0,0,0,0,0,0,0,0,0,0,0,0,0,0,0,0,0,0,0,0,0,0
7,0,0,0,0,0,0,0,0,0,0,0,0,0,0,0,0,0,0,0,0,0,0,0,0,0,0,0,0,0,0,0,0,0,0,0,0,0,0,0,0,0,0,0,0,0,0,0,0,0,0,0,0,0,0,0,0,0,0,0,0,0,0,0,0,0,0,0,0,0,3,8,32,37,37,37,37,37,20,7,0,0,0,0,0,0,0,0,0,0,0,0,0,0,0,0,0,4,22,46,114,127,127,127,127,125,77,32,0,0,0,0,0,0,0,0,0,0,0,0,0,0,1,22,46,115,172,208,245,250,250,250,250,249,206,126,8,0,0,0,0,0,0,0,0,0,0,0,0,3,36,159,207,245,252,254,254,254,255,255,254,254,245,204,34,0,0,0,0,0,0,0,0,0,0,0,7,22,95,218,244,254,254,254,254,255,255,255,255,254,250,220,50,0,0,0,0,0,0,0,0,0,1,8,90,159,232,253,254,254,251,250,250,250,250,250,254,254,254,245,114,4,0,0,0,0,0,0,0,0,20,77,218,245,254,254,254,234,145,129,127,127,127,141,222,247,254,250,129,5,0,0,0,0,0,0,0,0,34,115,243,253,254,252,250,207,64,41,38,41,40,53,176,232,254,250,141,11,1,0,0,0,0,0,0,3,84,172,252,254,251,189,144,77,11,14,38,99,76,12,84,172,252,254,220,77,20,0,0,0,0,0,0,21,170,232,254,254,220,84,40,30,19,52,170,236,213,66,36,115,245,254,249,125,37,0,0,0,0,0,0,34,204,245,254,252,177,47,52,75,22,47,207,250,231,82,23,82,233,252,250,127,37,0,0,0,0,0,2,82,233,252,254,251,143,18,19,27,26,83,233,254,246,115,8,34,204,245,250,127,37,0,0,0,0,0,4,125,249,254,254,254,221,107,51,2,37,125,249,254,250,129,10,14,143,222,249,125,37,0,0,0,0,0,5,129,250,254,254,254,233,92,32,0,37,127,250,254,252,191,129,129,191,236,233,82,21,0,0,0,0,0,9,140,250,254,255,254,222,52,11,0,39,129,250,254,254,236,218,218,236,249,220,50,9,0,0,0,0,4,32,203,254,254,255,254,217,42,13,32,101,177,252,254,254,254,254,254,254,251,170,21,2,0,0,0,0,4,32,203,254,254,254,254,229,129,117,140,212,240,254,255,254,254,254,254,248,222,79,3,0,0,0,0,0,2,21,174,252,254,254,253,217,151,148,101,174,222,254,254,254,254,250,250,236,188,38,0,0,0,0,0,0,2,21,172,252,254,247,221,92,26,27,8,53,141,250,254,254,222,141,130,152,128,16,0,0,0,0,0,0,2,20,170,252,253,207,127,10,0,0,0,37,125,249,254,250,139,13,6,16,15,1,0,0,0,0,0,0,0,9,140,250,247,159,79,3,0,0,0,32,113,243,253,243,115,4,0,1,1,0,0,0,0,0,0,0,0,4,125,237,206,47,10,0,0,0,0,7,33,158,200,158,33,0,0,0,0,0,0,0,0,0,0,0,0,2,63,111,76,7,0,0,0,0,0,0,1,20,32,20,1,0,0,0,0,0,0,0,0,0,0,0,0,0,18,32,20,1,0,0,0,0,0,0,0,2,3,2,0,0,0,0,0,0,0,0,0,0,0,0,0,0,0,0,0,0,0,0,0,0,0,0,0,0,0,0,0,0,0,0,0,0,0,0,0,0,0,0,0,0,0,0,0,0,0,0,0,0,0,0,0,0,0,0,0,0,0,0,0,0,0,0,0,0
16,0,0,0,0,0,0,0,0,0,0,0,0,0,0,0,0,0,0,0,0,0,0,0,0,0,0,0,0,0,0,0,0,0,0,0,0,0,0,0,0,0,0,0,0,0,0,0,0,0,0,0,0,0,0,0,0,0,0,0,0,0,0,0,0,0,0,0,0,0,0,0,0,0,0,0,0,0,0,0,0,0,0,0,0,0,0,0,0,0,0,0,0,0,0,0,0,0,0,0,0,0,0,0,0,0,0,0,0,0,0,0,0,0,0,0,0,0,0,0,0,0,0,0,0,0,0,0,0,0,0,0,0,0,0,0,0,0,0,0,0,0,0,0,0,0,0,0,0,0,0,0,0,0,0,0,0,0,0,0,0,0,0,0,0,0,0,0,0,0,0,0,0,0,0,0,0,0,0,0,0,0,0,0,0,0,0,0,0,0,0,0,0,0,0,0,0,0,0,0,0,0,0,0,0,0,0,0,0,0,0,2,0,0,0,0,0,0,0,0,0,0,0,0,0,0,0,0,0,0,0,0,0,0,0,0,0,0,32,168,90,10,0,0,2,0,0,1,0,0,0,0,0,0,0,0,0,0,0,0,0,0,0,4,4,5,108,253,247,208,129,140,182,139,129,159,127,114,33,5,0,0,0,0,0,0,0,0,0,21,50,125,127,129,211,254,254,254,250,250,253,250,250,251,250,245,185,32,0,0,0,0,0,4,46,125,140,232,250,254,254,254,254,254,254,254,254,254,254,254,254,255,254,254,217,37,0,0,0,8,115,204,245,253,245,172,127,127,127,127,129,236,254,236,129,127,129,203,217,217,217,184,120,18,0,0,20,158,253,253,177,114,46,3,0,0,0,0,4,217,254,217,4,0,0,4,4,4,4,3,0,0,0,0,37,215,254,221,36,4,0,0,0,0,0,0,9,222,254,215,4,0,0,0,0,0,0,0,0,0,0,0,32,203,254,147,5,0,0,0,0,0,0,0,50,250,246,127,0,0,0,0,0,0,0,0,0,0,0,0,4,115,254,250,100,21,3,0,0,0,0,8,175,254,204,34,0,0,0,0,0,0,0,0,0,0,0,0,0,22,202,249,252,232,171,51,37,37,41,132,253,246,79,3,0,0,0,0,0,0,0,0,0,0,0,0,0,1,36,195,250,254,251,222,217,217,217,236,254,175,8,0,0,0,0,0,0,0,0,0,0,0,0,0,0,0,0,8,50,171,232,250,250,250,250,245,159,20,0,0,0,0,0,0,0,0,0,0,0,0,0,0,0,0,0,0,0,3,21,37,37,37,37,32,3,0,0,0,0,0,0,0,0,0,0,0,0,0,0,0,0,0,0,0,0,0,0,0,0,0,0,0,0,0,0,0,0,0,0,0,0,0,0,0,0,0,0,0,0,0,0,0,0,0,0,0,0,0,0,0,0,0,0,0,0,0,0,0,0,0,0,0,0,0,0,0,0,0,0,0,0,0,0,0,0,0,0,0,0,0,0,0,0,0,0,0,0,0,0,0,0,0,0,0,0,0,0,0,0,0,0,0,0,0,0,0,0,0,0,0,0,0,0,0,0,0,0,0,0,0,0,0,0,0,0,0,0,0,0,0,0,0,0,0,0,0,0,0,0,0,0,0,0,0,0,0,0,0,0,0,0,0,0,0,0,0,0,0,0,0,0,0,0,0,0,0,0,0,0,0,0,0,0,0,0,0,0,0,0,0,0,0,0,0,0,0,0,0,0,0,0,0,0,0,0,0,0,0,0,0,0,0,0,0,0
15,0,0,0,0,0,0,0,0,0,0,0,0,0,0,0,0,0,0,0,0,0,0,0,0,0,0,0,0,0,0,0,0,0,0,0,0,0,0,0,0,0,0,0,0,0,0,0,0,0,0,0,0,0,0,0,0,0,0,0,0,0,0,0,0,0,0,0,2,5,9,32,37,37,32,21,3,0,0,0,0,0,0,0,0,0,0,0,0,0,0,0,0,0,4,5,21,38,50,114,125,127,114,82,22,7,0,0,0,0,0,0,0,0,0,0,0,0,0,6,22,38,113,127,172,216,222,245,249,250,245,232,159,90,9,0,0,0,0,0,0,0,0,0,0,18,33,94,171,188,243,249,252,252,250,245,233,218,236,249,245,219,90,7,0,0,0,0,0,0,0,0,2,63,110,176,232,238,253,254,251,233,222,204,172,131,189,234,253,245,159,22,3,0,0,0,0,0,0,0,9,138,218,252,254,254,247,232,171,84,51,32,21,7,80,159,247,254,232,82,21,0,0,0,0,0,0,2,21,172,233,254,254,253,221,175,83,22,9,4,2,1,34,95,234,252,245,114,32,0,0,0,0,0,0,4,37,215,249,255,247,221,91,36,3,0,0,0,0,0,4,34,204,245,250,140,50,0,0,0,0,0,0,4,37,217,250,254,224,151,15,2,0,0,0,0,0,0,0,9,140,222,253,204,114,4,0,0,0,0,0,4,37,217,250,254,216,147,16,1,0,0,0,0,0,0,0,5,129,217,254,215,125,4,0,0,0,0,0,4,37,217,250,251,145,62,5,0,0,0,0,0,0,0,0,4,127,217,254,217,127,4,0,0,0,0,0,4,37,217,250,250,127,37,0,0,0,0,0,0,0,0,0,4,127,217,254,217,129,5,0,0,0,0,0,4,37,217,250,250,127,37,0,0,0,0,0,0,0,0,0,4,127,217,254,222,140,9,0,0,0,0,0,4,37,217,250,250,129,39,0,0,0,0,0,0,0,0,0,5,129,217,254,240,190,27,3,0,0,0,0,4,32,204,245,252,172,82,2,0,0,0,0,0,0,0,2,21,172,233,254,208,127,8,0,0,0,0,0,2,21,172,233,254,204,115,4,0,0,0,0,0,0,0,4,32,204,245,252,173,84,3,0,0,0,0,0,0,4,110,191,249,234,177,34,7,0,0,0,0,0,0,4,37,217,250,250,129,39,0,0,0,0,0,0,0,0,22,59,207,252,244,127,48,3,0,0,0,0,0,11,52,222,250,245,114,32,0,0,0,0,0,0,0,0,4,23,159,245,250,176,100,22,4,2,0,0,1,36,96,234,252,232,82,21,0,0,0,0,0,0,0,0,0,1,35,163,218,244,231,172,115,82,39,37,52,164,219,253,251,171,22,3,0,0,0,0,0,0,0,0,0,0,9,90,159,231,243,232,204,172,129,127,141,221,246,253,244,126,8,0,0,0,0,0,0,0,0,0,0,0,0,7,22,83,127,208,244,247,245,245,246,248,245,207,159,33,0,0,0,0,0,0,0,0,0,0,0,0,0,0,0,3,8,46,114,125,127,127,127,125,114,46,22,1,0,0,0,0,0,0,0,0,0,0,0,0,0,0,0,0,0,8,32,37,37,37,37,37,32,8,3,0,0,0,0,0,0,0,0,0,0,0,0,0,0,0,0,0,0,0,0,0,0,0,0,0,0,0,0,0,0,0,0,0,0,0,0,0,0,0,0,0,0,0,0,0,0,0,0,0,0,0,0,0,0,0,0,0,0,0,0,0,0,0
23,0,0,0,0,0,0,0,0,0,0,0,0,0,0,0,0,0,0,0,0,0,0,0,0,0,0,0,0,0,0,0,0,0,0,0,0,0,0,0,0,0,0,0,0,0,0,0,4,4,4,2,0,0,0,0,0,0,0,0,0,0,0,0,0,0,0,0,2,4,5,21,37,37,37,51,125,127,125,82,39,32,7,0,0,0,0,0,0,0,0,4,4,4,9,34,82,125,129,172,215,217,217,222,249,250,249,233,217,201,77,2,0,0,0,0,0,8,46,114,127,127,140,204,233,249,250,252,254,253,250,251,254,255,254,254,254,249,125,4,0,0,0,18,50,127,208,245,250,250,250,251,245,222,217,218,221,213,173,178,253,254,254,249,222,213,108,3,0,0,3,106,213,241,249,250,249,233,215,173,119,55,47,83,151,173,213,226,251,250,245,195,64,37,18,0,0,0,0,18,37,37,37,37,37,30,55,129,204,217,222,245,250,245,208,140,82,39,32,8,0,0,0,0,0,0,0,0,0,0,0,0,32,126,220,246,254,252,249,220,141,114,46,9,2,0,0,0,0,0,0,0,0,0,0,0,0,0,0,4,113,242,254,254,253,205,136,80,11,4,0,0,0,0,0,0,0,0,0,0,0,0,0,0,0,0,0,4,113,241,252,254,254,225,144,84,22,5,2,0,0,0,0,0,0,0,0,0,0,0,0,0,0,0,0,0,32,113,172,220,245,251,250,232,172,127,82,34,3,0,0,0,0,0,0,0,0,0,0,0,0,0,0,0,0,4,21,50,115,172,216,234,251,249,233,204,83,20,0,0,0,0,0,0,0,0,0,0,0,0,0,0,0,0,0,0,4,21,38,95,202,233,250,253,230,123,12,0,0,0,0,0,0,0,0,0,0,0,0,0,0,0,0,0,0,0,0,0,4,21,50,128,245,247,195,47,1,0,0,0,0,0,0,0,0,0,0,0,0,0,0,0,0,0,0,0,0,0,0,10,163,245,247,159,20,0,0,0,0,0,0,0,0,0,0,0,0,0,0,0,0,0,0,0,0,0,0,0,36,177,252,220,50,0,0,0,0,0,0,0,0,0,0,0,0,0,0,0,0,0,0,0,0,0,0,0,9,131,250,245,114,4,0,0,0,0,0,0,0,0,0,0,0,0,0,0,0,0,0,0,0,0,8,46,128,191,252,245,114,4,0,0,0,0,0,0,0,0,0,0,0,0,0,0,0,0,0,7,32,51,127,208,249,252,247,194,45,0,0,0,0,0,0,0,0,0,0,0,0,0,0,0,2,5,22,95,202,222,245,251,245,220,159,47,5,0,0,0,0,0,0,0,3,5,21,37,37,37,39,84,170,216,233,249,249,233,202,95,32,9,2,0,0,0,0,0,0,0,0,20,109,129,172,215,217,217,217,233,251,250,232,172,127,82,34,7,0,0,0,0,0,0,0,0,0,0,2,81,229,250,251,250,250,245,217,217,203,139,82,22,5,2,0,0,0,0,0,0,0,0,0,0,0,0,4,123,240,222,204,140,127,114,39,37,32,9,2,0,0,0,0,0,0,0,0,0,0,0,0,0,0,0,2,63,111,50,32,9,4,4,0,0,0,0,0,0,0,0,0,0,0,0,0,0,0,0,0,0,0,0,0,2,3,0,0,0,0,0,0,0,0,0,0,0,0,0,0,0,0,0,0,0,0,0,0,0,0,0,0,0,0,0,0,0,0,0,0,0,0,0,0,0,0,0,0,0,0,0,0,0,0,0,0,0,0
17,0,0,0,0,0,0,0,0,0,0,0,0,0,0,0,0,0,0,0,0,0,0,0,0,0,0,0,0,0,0,0,0,0,0,0,0,0,0,0,0,0,0,0,0,0,0,0,0,0,0,0,0,0,0,0,0,0,0,0,0,0,0,0,0,0,0,0,0,0,0,0,0,0,0,0,0,0,0,0,0,0,0,0,0,0,0,0,0,0,0,0,0,0,0,0,0,0,0,0,0,0,0,0,0,0,0,0,0,0,0,0,0,0,0,0,0,0,0,0,0,0,0,0,0,0,0,0,0,0,0,0,0,0,0,0,0,0,0,0,0,0,0,0,0,0,0,0,0,0,0,0,0,0,0,0,0,0,0,0,0,0,0,0,0,0,0,0,0,0,0,0,0,0,0,0,0,0,2,2,0,0,0,0,0,0,0,0,0,0,0,0,0,0,0,0,0,0,0,0,0,0,0,0,0,10,76,76,10,0,0,0,0,0,0,0,0,0,0,0,0,0,0,0,0,0,0,0,0,0,0,1,33,127,219,219,127,32,0,0,0,0,0,3,21,37,37,20,1,0,0,0,0,0,0,0,0,0,0,9,90,207,247,247,206,78,3,0,0,0,3,22,82,125,125,77,8,0,0,0,0,0,0,0,0,1,22,95,219,253,254,254,251,169,20,3,20,38,84,171,232,249,249,218,77,2,0,0,0,0,0,0,0,22,154,232,252,235,236,254,252,173,31,38,158,216,233,249,252,254,255,249,127,5,0,0,0,0,0,0,7,95,232,253,219,101,149,251,252,192,144,177,245,253,244,178,179,247,254,252,173,22,0,0,0,0,0,0,46,207,253,232,96,43,177,252,254,252,250,251,234,204,126,35,48,195,245,254,232,95,7,0,0,0,0,8,127,246,252,175,47,132,244,254,254,251,232,207,95,34,8,0,5,45,128,222,252,202,32,0,0,0,0,32,203,254,252,194,176,234,254,252,243,175,83,46,7,0,0,0,0,0,12,141,250,217,37,0,0,0,0,37,217,254,254,252,252,253,232,172,115,34,3,0,0,0,0,0,0,0,9,140,250,204,32,0,0,0,0,37,217,254,254,252,245,207,95,22,4,0,0,0,0,0,0,0,0,0,34,204,247,138,9,0,0,0,0,32,201,251,245,177,115,46,7,0,0,0,0,0,0,0,0,0,0,3,84,230,187,66,2,0,0,0,0,20,154,231,218,96,34,8,0,0,0,0,0,0,0,0,0,0,0,8,125,235,131,22,0,0,0,0,0,1,22,80,75,8,0,0,0,0,0,0,0,0,0,0,0,0,0,15,138,155,33,0,0,0,0,0,0,0,0,2,2,0,0,0,0,0,0,0,0,0,0,0,0,0,0,1,19,19,1,0,0,0,0,0,0,0,0,0,0,0,0,0,0,0,0,0,0,0,0,0,0,0,0,0,0,0,0,0,0,0,0,0,0,0,0,0,0,0,0,0,0,0,0,0,0,0,0,0,0,0,0,0,0,0,0,0,0,0,0,0,0,0,0,0,0,0,0,0,0,0,0,0,0,0,0,0,0,0,0,0,0,0,0,0,0,0,0,0,0,0,0,0,0,0,0,0,0,0,0,0,0,0,0,0,0,0,0,0,0,0,0,0,0,0,0,0,0,0,0,0,0,0,0,0,0,0,0,0,0,0,0,0,0,0,0,0,0,0,0,0,0,0,0,0,0,0,0,0,0,0,0,0,0,0,0,0,0,0,0,0,0,0,0,0,0,0,0,0,0,0,0
13,0,0,0,0,0,0,0,0,0,0,0,0,0,0,0,0,0,0,0,0,0,0,0,0,0,0,0,0,0,0,0,0,0,0,0,0,0,0,0,0,0,0,0,0,3,0,0,0,0,0,0,0,0,0,0,0,0,0,0,0,0,0,0,0,0,0,0,0,0,0,8,126,202,139,32,0,0,0,0,0,0,0,0,0,0,0,0,0,0,0,0,0,0,0,0,0,8,115,177,253,254,254,125,4,0,0,0,0,0,0,0,0,0,0,0,0,0,0,0,0,0,0,0,7,95,243,252,254,254,254,125,4,0,0,0,0,0,0,0,0,0,0,0,0,0,0,0,0,1,20,84,175,251,253,235,250,254,232,34,0,0,0,0,0,0,0,0,0,0,0,0,0,0,0,0,0,59,198,252,254,234,158,70,246,250,139,0,0,0,0,0,0,0,0,0,0,0,0,0,0,0,0,0,0,18,95,238,220,95,23,85,252,218,77,0,0,0,0,0,0,0,0,0,0,0,0,0,0,0,0,0,0,0,1,27,9,0,46,208,245,47,1,0,0,0,0,0,0,0,0,0,0,0,0,0,0,0,0,0,0,0,0,0,0,3,171,251,172,3,0,0,0,0,0,0,0,0,0,0,0,0,0,0,0,0,0,0,0,0,0,0,0,21,232,253,115,0,0,0,0,0,0,0,0,0,0,0,0,0,0,0,0,0,0,0,0,0,0,0,1,96,252,238,31,0,0,0,0,0,0,0,0,0,0,0,0,0,0,0,0,0,0,0,0,0,0,3,79,245,254,253,206,19,0,0,0,0,0,0,0,0,0,0,0,0,0,0,0,0,0,0,0,0,0,21,170,254,255,254,231,20,0,0,0,0,0,0,0,0,0,0,0,0,0,0,0,0,0,0,0,0,0,95,234,254,254,254,127,0,0,0,0,0,0,0,0,0,0,0,0,0,0,0,0,0,0,0,0,0,8,204,253,255,254,246,46,0,0,0,0,0,0,0,0,0,0,0,0,0,0,0,0,0,0,0,0,0,5,94,202,247,252,172,3,0,0,0,0,0,0,0,0,0,0,0,0,0,0,0,0,0,0,0,0,0,0,0,6,155,231,82,0,0,0,0,0,0,0,0,0,0,0,0,0,0,0,0,0,0,0,0,0,0,0,0,20,220,171,22,0,0,0,0,0,0,0,0,0,0,0,0,0,0,0,0,0,0,0,0,0,0,0,1,71,247,51,0,0,0,0,0,0,0,0,0,0,0,0,0,0,0,0,0,0,0,0,0,0,0,0,33,165,231,21,0,0,0,0,0,0,0,0,0,0,0,0,0,0,0,0,0,0,0,0,0,0,0,0,126,244,171,3,0,0,1,3,3,0,0,0,0,0,0,0,0,0,0,0,0,0,0,0,0,0,0,9,220,234,35,4,21,51,159,184,189,43,0,0,0,0,0,0,0,0,0,0,0,0,0,0,0,0,2,81,251,247,143,204,233,250,254,254,217,48,0,0,0,0,0,0,0,0,0,0,0,0,0,0,0,0,3,111,251,254,251,254,254,250,237,216,110,18,0,0,0,0,0,0,0,0,0,0,0,0,0,0,0,0,0,7,82,139,215,172,115,39,25,16,0,0,0,0,0,0,0,0,0,0,0,0,0,0,0,0,0,0,0,0,0,0,4,2,0,0,0,0,0,0,0,0,0,0,0,0,0,0,0,0,0,0,0,0,0,0,0,0,0,0,0,0,0,0,0,0,0,0,0,0,0,0,0,0,0,0
11,0,0,0,0,0,0,0,0,0,0,0,0,0,0,0,0,0,0,0,0,0,0,0,0,0,0,0,0,0,0,0,0,0,0,0,0,0,0,0,0,0,0,0,0,0,0,0,0,1,0,0,0,0,0,0,0,0,0,0,0,0,0,0,0,0,0,0,0,0,0,0,0,0,0,1,79,157,121,50,0,0,0,0,0,0,0,0,0,0,0,0,0,0,0,0,0,0,0,0,0,0,20,123,245,254,215,38,0,0,0,0,0,0,0,0,0,0,0,0,0,0,0,0,0,0,0,0,0,7,100,231,234,217,153,20,0,0,0,0,0,0,0,0,0,0,0,0,0,0,0,0,0,0,0,1,22,163,246,207,36,5,2,0,0,0,0,0,0,0,0,0,0,0,0,0,0,0,0,0,0,0,2,36,159,246,207,59,1,0,0,0,0,0,0,0,0,0,0,0,0,0,0,0,0,0,0,0,4,36,158,233,248,163,22,1,0,0,0,0,0,0,0,0,0,0,0,0,0,0,0,0,0,0,3,91,202,234,250,164,52,7,0,0,0,0,0,0,0,0,0,0,0,0,0,0,0,0,0,0,0,3,79,221,253,252,189,33,1,0,0,0,0,0,0,0,0,0,0,0,0,0,0,0,0,0,4,11,115,172,247,254,255,250,127,0,0,0,0,0,0,0,0,0,0,0,0,0,0,0,0,0,7,34,114,141,243,245,217,236,254,250,127,0,0,0,0,0,0,0,0,0,0,0,0,0,0,0,0,0,113,241,233,217,170,79,6,143,251,250,141,1,0,0,0,0,0,0,0,0,0,0,0,0,0,0,0,0,127,241,48,5,2,0,5,216,254,254,244,47,1,0,0,0,0,0,0,0,0,0,0,0,0,0,0,0,125,202,8,0,0,0,22,233,247,235,252,159,23,0,0,0,0,0,0,0,0,0,0,0,0,0,0,0,49,31,0,0,0,0,114,249,139,49,207,249,195,12,4,0,0,4,11,77,113,32,0,0,0,0,0,0,0,0,0,0,0,3,172,177,34,1,47,230,250,222,204,140,140,204,222,247,248,124,0,0,0,0,0,0,0,0,0,0,0,21,231,129,5,0,5,83,175,251,253,250,250,253,254,254,232,81,0,0,0,0,0,0,0,0,0,0,3,84,252,125,4,0,0,0,7,81,127,127,127,127,127,127,77,7,0,0,0,0,0,0,0,0,0,0,21,170,247,77,2,0,0,0,0,2,4,4,4,4,4,4,2,0,0,0,0,0,0,0,0,0,0,0,51,221,173,3,0,0,0,0,0,0,0,0,0,0,0,0,0,0,0,0,0,0,0,0,0,0,0,3,171,251,114,0,0,0,0,0,0,0,0,0,0,0,0,0,0,0,0,0,0,0,0,0,0,0,0,21,232,250,50,0,0,0,0,0,0,0,0,0,0,0,0,0,0,0,0,0,0,0,0,0,0,0,0,50,241,163,7,0,0,0,0,0,0,0,0,0,0,0,0,0,0,0,0,0,0,0,0,0,0,0,4,114,176,36,0,0,0,0,0,0,0,0,0,0,0,0,0,0,0,0,0,0,0,0,0,0,0,0,2,76,106,4,0,0,0,0,0,0,0,0,0,0,0,0,0,0,0,0,0,0,0,0,0,0,0,0,0,0,2,0,0,0,0,0,0,0,0,0,0,0,0,0,0,0,0,0,0,0,0,0,0,0,0,0,0,0,0,0,0,0,0,0,0,0,0,0,0,0,0,0,0,0,0,0,0,0,0
22,0,0,0,0,0,0,0,0,0,0,0,0,0,0,0,0,0,0,0,0,0,0,0,0,0,0,0,0,0,0,0,0,0,0,0,0,0,0,0,0,0,0,0,0,0,0,0,0,0,0,0,0,0,0,0,0,0,0,0,0,0,0,0,0,0,0,0,0,0,0,0,0,0,0,0,0,0,0,0,0,0,0,0,0,0,0,0,0,0,0,0,0,0,0,0,0,0,0,0,0,0,0,0,0,0,0,0,0,0,0,0,0,0,0,0,0,0,0,0,0,0,0,0,0,0,0,0,0,0,0,0,0,0,0,0,0,0,0,0,0,0,0,0,0,0,0,0,0,0,20,39,69,21,0,0,0,0,0,0,0,0,0,0,0,0,0,0,0,0,0,0,0,0,0,0,0,3,186,249,251,232,95,38,7,0,0,0,0,0,0,0,0,0,0,0,0,0,0,0,0,0,0,0,0,0,78,208,250,254,234,216,95,21,4,4,0,0,0,0,0,0,0,0,0,0,0,0,0,0,0,0,0,0,0,8,52,207,249,252,252,233,217,215,127,52,100,39,32,4,0,0,0,0,0,0,0,0,0,0,0,0,0,0,0,8,38,95,232,250,250,254,254,251,253,250,245,204,122,2,0,0,0,0,0,0,0,0,0,0,0,0,0,0,0,0,21,37,51,170,217,222,250,254,255,254,240,27,0,0,0,0,0,0,0,0,0,0,0,0,0,0,0,0,0,0,0,2,4,11,128,253,254,251,202,4,0,0,0,0,0,0,0,0,0,0,0,0,0,0,0,0,0,0,0,0,1,35,219,254,254,187,79,0,0,0,0,0,0,0,0,0,0,0,0,0,0,0,0,0,0,0,0,8,127,221,254,254,219,33,0,0,0,0,0,0,0,0,0,0,0,0,0,0,0,0,0,0,0,1,77,177,253,254,251,175,33,0,0,0,0,0,0,0,0,0,0,0,0,0,0,0,0,0,0,0,11,127,246,254,250,188,82,7,0,0,0,0,0,0,0,0,0,0,0,0,0,0,0,0,0,0,20,50,139,244,254,247,170,67,2,0,0,0,0,0,0,0,0,0,0,0,0,0,0,0,0,0,7,52,218,250,254,234,203,79,3,0,0,0,0,0,0,0,0,0,0,0,0,0,0,0,0,0,7,50,175,250,253,234,170,34,4,0,0,0,0,0,0,0,0,0,0,0,0,0,0,0,0,3,34,82,177,250,251,222,158,36,2,0,0,0,0,0,0,0,0,0,0,0,0,0,0,0,1,32,51,171,245,252,234,215,95,9,2,0,0,0,0,0,0,0,0,0,0,0,0,0,0,0,0,21,52,202,222,249,249,232,95,37,7,0,0,0,0,0,0,0,0,0,0,0,0,0,0,0,0,0,26,192,212,217,203,84,37,21,0,0,0,0,0,0,0,0,0,0,0,0,0,0,0,0,0,0,0,0,0,4,4,4,4,0,0,0,0,0,0,0,0,0,0,0,0,0,0,0,0,0,0,0,0,0,0,0,0,0,0,0,0,0,0,0,0,0,0,0,0,0,0,0,0,0,0,0,0,0,0,0,0,0,0,0,0,0,0,0,0,0,0,0,0,0,0,0,0,0,0,0,0,0,0,0,0,0,0,0,0,0,0,0,0,0,0,0,0,0,0,0,0,0,0,0,0,0,0,0,0,0,0,0,0,0,0,0,0,0,0,0,0,0,0,0,0,0,0,0,0,0,0,0,0,0,0,0,0,0,0,0,0,0,0,0,0,0,0
24,0,0,0,0,0,0,0,0,0,0,0,0,0,0,0,0,0,0,0,0,0,0,0,0,0,0,0,0,0,0,0,0,0,0,0,0,0,0,0,0,0,0,0,0,0,0,0,0,0,0,0,0,0,0,0,0,0,0,0,0,0,0,0,0,0,0,0,0,0,0,0,0,0,0,0,0,0,0,0,0,0,0,0,0,0,0,0,0,0,0,0,0,0,0,0,0,0,0,0,0,0,0,0,0,0,0,2,2,0,0,0,0,0,0,0,0,2,2,0,0,0,0,0,0,0,0,0,0,0,0,0,0,3,8,20,18,5,0,0,0,0,0,0,5,18,19,7,1,0,0,0,0,0,0,0,0,0,0,0,7,22,45,79,62,18,2,0,0,0,0,3,31,105,154,95,52,38,21,9,5,2,0,0,0,0,0,4,79,154,206,227,124,36,4,0,0,0,0,3,32,110,209,175,141,127,82,51,38,20,7,1,0,1,7,23,131,207,242,246,125,37,4,0,0,0,0,2,20,77,211,225,220,216,172,140,127,77,33,9,2,10,34,80,187,234,250,243,113,32,4,0,0,0,0,0,7,33,162,216,239,245,233,222,216,158,91,36,16,47,95,159,234,247,245,218,77,20,2,0,0,0,0,0,0,1,33,77,115,139,220,244,251,246,221,179,154,209,232,247,245,219,163,91,8,1,0,0,0,0,0,0,0,0,7,20,34,52,159,207,232,252,247,235,227,246,251,252,219,163,91,35,1,0,0,0,0,0,0,0,0,0,0,2,4,11,79,127,176,247,253,252,251,254,254,247,164,91,35,9,0,0,0,0,0,0,0,0,0,0,0,0,0,1,22,49,102,235,252,254,254,255,252,235,98,36,9,1,0,0,0,0,0,0,0,0,0,0,0,0,0,1,22,49,102,235,252,254,254,254,252,234,84,21,2,0,0,0,0,0,0,0,0,0,0,0,0,0,1,8,79,127,176,247,253,252,251,252,253,245,114,32,4,0,0,0,0,0,0,0,0,0,0,0,0,3,10,36,159,207,232,249,245,233,222,233,245,244,123,36,4,0,0,0,0,0,0,0,0,0,0,0,7,22,47,95,218,243,244,220,204,172,142,172,203,211,108,32,3,0,0,0,0,0,0,0,0,0,1,8,90,159,207,232,243,218,164,52,34,21,10,21,32,36,18,5,0,0,0,0,0,0,0,0,0,0,7,33,163,218,243,244,207,159,91,11,4,2,0,2,4,4,2,0,0,0,0,0,0,0,0,0,0,2,20,77,216,241,242,220,127,79,33,1,0,0,0,0,0,0,0,0,0,0,0,0,0,0,0,0,0,3,32,110,222,218,202,159,47,22,7,0,0,0,0,0,0,0,0,0,0,0,0,0,0,0,0,0,0,2,18,62,80,50,34,20,1,0,0,0,0,0,0,0,0,0,0,0,0,0,0,0,0,0,0,0,0,0,5,18,20,9,4,2,0,0,0,0,0,0,0,0,0,0,0,0,0,0,0,0,0,0,0,0,0,0,0,2,2,0,0,0,0,0,0,0,0,0,0,0,0,0,0,0,0,0,0,0,0,0,0,0,0,0,0,0,0,0,0,0,0,0,0,0,0,0,0,0,0,0,0,0,0,0,0,0,0,0,0,0,0,0,0,0,0,0,0,0,0,0,0,0,0,0,0,0,0,0,0,0,0,0,0,0,0,0,0,0,0,0,0,0,0,0,0,0,0,0,0,0,0,0,0,0,0,0,0,0,0,0,0,0,0,0,0
10,0,0,0,0,0,0,0,0,0,0,0,0,0,0,0,0,0,0,0,0,0,0,0,0,0,0,0,0,0,0,0,0,0,0,0,0,0,0,0,0,0,0,0,0,0,0,0,0,0,18,37,8,0,0,0,0,0,0,0,0,0,0,0,0,0,0,0,0,0,0,0,0,0,0,0,0,0,106,242,207,47,0,0,0,0,0,0,1,32,7,0,0,0,0,0,0,0,0,0,0,0,0,0,0,0,3,95,251,218,9,0,0,0,0,5,95,241,81,0,0,0,0,0,0,0,0,0,0,0,0,0,0,0,0,8,208,251,82,0,0,0,0,82,252,252,82,0,0,0,0,0,0,0,0,0,0,0,0,0,0,0,0,0,127,254,127,0,0,0,2,172,254,245,32,0,0,0,0,0,0,0,0,0,0,0,0,0,0,0,0,0,127,254,172,2,0,0,4,215,255,217,5,0,0,0,0,0,0,0,0,0,0,0,0,0,0,0,0,0,129,254,217,4,0,0,0,139,254,233,21,0,0,0,0,0,0,0,0,0,0,0,0,0,0,0,0,9,208,254,172,2,0,0,0,51,250,252,82,0,0,0,3,0,0,0,0,0,0,0,0,0,0,0,4,127,252,252,82,0,0,0,0,37,250,253,97,0,0,4,170,23,0,0,0,0,0,0,0,4,5,46,173,249,254,220,20,0,0,0,0,21,233,254,159,1,0,32,244,209,129,127,127,127,127,127,129,204,217,246,254,254,221,67,0,0,0,0,0,2,172,254,215,15,0,20,218,254,254,254,254,254,254,254,254,254,254,254,243,139,33,0,0,0,0,0,0,0,114,254,218,5,0,0,33,127,204,233,250,250,250,250,250,233,172,125,34,1,0,0,0,0,0,0,0,0,9,220,253,115,0,0,0,0,0,2,4,4,4,4,4,2,0,0,0,0,0,0,0,0,0,0,0,0,0,127,254,208,0,0,0,0,0,0,0,0,0,0,0,0,0,0,0,0,0,0,0,0,0,0,0,0,0,22,232,251,22,0,0,0,0,0,0,0,0,0,0,0,0,0,0,0,0,0,0,0,0,0,0,0,0,0,127,254,115,0,0,0,0,0,0,0,0,0,0,0,0,0,0,0,0,0,0,0,0,0,0,0,0,0,34,245,208,8,0,0,0,0,0,0,0,0,0,0,0,0,0,0,0,0,0,0,0,0,0,0,0,0,3,171,250,52,0,0,0,0,0,0,0,0,0,0,0,0,0,0,0,0,0,0,0,0,0,0,0,0,0,46,254,203,6,0,0,0,0,0,0,0,0,0,0,0,0,0,0,0,0,0,0,0,0,0,0,0,0,3,218,249,110,0,0,0,0,0,0,0,0,0,0,0,0,0,0,0,0,0,0,0,0,0,0,0,0,0,52,250,208,10,0,0,0,0,0,0,0,0,0,0,0,0,0,0,0,0,0,0,0,0,0,0,0,0,1,127,253,218,20,0,0,0,0,0,0,0,0,0,0,0,0,0,0,0,0,0,0,0,0,0,0,0,0,8,175,252,82,0,0,0,0,0,0,0,0,0,0,0,0,0,0,0,0,0,0,0,0,0,0,0,0,0,33,218,136,0,0,0,0,0,0,0,0,0,0,0,0,0,0,0,0,0,0,0,0,0,0,0,0,0,0,20,30,0,0,0,0,0,0,0,0,0,0,0,0,0,0,0,0,0,0,0,0,0,0,0,0,0,0,0,0,0,0,0,0,0,0,0,0,0,0,0,0,0,0,0,0
14,0,0,0,0,0,0,0,0,0,0,0,0,0,0,0,0,0,0,0,0,0,0,0,0,0,0,0,0,0,0,0,0,0,0,0,0,0,0,0,0,0,0,0,0,0,0,0,0,0,4,4,2,0,0,0,0,0,0,0,0,0,0,0,0,0,0,0,4,4,9,37,37,37,37,37,37,51,114,127,77,7,0,0,0,0,0,0,0,0,0,0,4,21,37,51,114,127,140,215,217,217,217,217,217,222,245,250,200,32,0,0,0,0,0,0,7,32,37,51,115,172,217,222,245,250,250,254,254,254,254,254,254,254,255,253,158,20,0,0,0,0,0,20,158,243,250,250,249,233,215,172,129,127,127,127,127,129,148,177,253,246,177,115,8,0,0,0,0,0,0,48,215,245,217,204,139,82,37,21,5,4,4,4,10,51,163,223,220,158,36,4,0,0,0,0,0,0,1,50,120,114,39,32,9,2,0,0,0,0,0,4,47,194,242,218,52,20,1,0,0,0,0,0,0,0,0,2,4,4,0,0,0,0,0,0,0,0,8,115,176,213,139,77,1,0,0,0,0,0,0,0,0,0,0,0,0,0,0,0,0,0,0,0,8,79,175,219,127,33,1,0,0,0,0,0,0,0,0,0,0,0,0,0,0,0,0,0,0,0,0,9,91,217,229,91,10,0,0,0,0,0,0,0,0,0,0,0,0,0,0,0,0,0,0,0,0,0,8,91,216,217,95,7,0,0,0,0,0,0,0,0,0,0,0,0,0,0,0,0,0,0,0,0,0,0,77,216,189,80,9,0,0,0,0,0,0,0,0,0,0,0,0,0,0,0,0,0,0,0,0,0,0,0,125,247,180,55,37,37,37,21,5,4,0,0,0,0,0,0,0,0,0,0,0,0,0,0,0,0,0,0,77,206,246,250,250,250,249,233,218,215,127,51,32,7,0,0,0,0,0,0,0,0,0,0,0,0,0,0,7,47,159,227,226,249,250,250,250,253,246,222,202,95,8,0,0,0,0,0,0,0,0,0,0,0,0,0,0,1,22,68,62,125,127,127,140,209,250,254,253,232,126,32,0,0,0,0,0,0,0,0,0,0,0,0,0,0,0,1,1,4,4,4,9,46,139,204,233,251,242,131,22,0,0,0,0,0,0,0,0,0,0,0,0,0,0,0,0,0,0,0,0,0,9,34,84,175,253,232,109,4,0,0,0,0,0,0,0,0,0,0,0,0,0,0,0,0,0,0,0,0,0,0,0,16,227,249,125,4,0,0,0,0,0,0,0,0,0,0,0,0,0,0,0,0,0,0,0,0,0,0,0,46,246,232,82,2,0,0,0,0,0,0,0,0,0,0,0,0,0,0,0,0,0,0,0,0,0,1,23,132,245,159,22,0,0,0,0,0,0,0,0,0,0,0,0,0,0,0,0,0,0,0,0,0,1,35,159,233,175,36,1,0,0,0,0,0,0,0,0,0,0,0,0,0,0,0,0,0,0,0,1,20,96,218,244,195,22,0,0,0,0,0,0,0,0,0,0,0,0,0,0,0,0,0,0,0,0,0,19,149,229,219,128,45,0,0,0,0,0,0,0,0,0,0,0,0,0,0,0,0,0,0,0,0,0,0,18,106,125,77,10,0,0,0,0,0,0,0,0,0,0,0,0,0,0,0,0,0,0,0,0,0,0,0,0,4,4,2,0,0,0,0,0,0,0,0,0,0,0,0,0,0,0,0,0,0,0,0,0,0,0,0,0,0,0,0,0,0,0,0,0,0,0
18,0,0,0,0,0,0,0,0,0,0,0,0,0,0,0,0,0,0,0,0,0,0,0,0,0,0,0,0,0,0,0,0,0,0,0,0,0,0,0,0,0,0,0,0,0,0,0,0,0,0,0,0,0,0,0,0,0,0,0,0,0,0,0,0,0,0,0,0,0,0,0,0,0,0,2,3,0,0,0,0,0,0,0,0,0,0,0,0,0,0,0,0,0,0,0,0,0,0,0,0,3,10,76,99,33,1,0,0,0,0,0,0,0,0,0,0,0,0,0,0,0,0,0,0,0,1,20,34,84,128,219,237,163,33,7,0,0,0,0,0,0,0,0,0,0,0,0,0,0,0,0,0,3,10,77,115,172,208,247,252,218,79,22,0,0,0,0,0,0,0,0,0,0,0,0,0,0,1,20,34,84,128,220,243,252,254,254,254,251,157,68,1,0,0,0,0,0,0,0,0,0,0,0,0,1,8,77,115,172,208,247,253,254,254,254,254,251,157,68,1,0,0,0,0,0,0,0,0,0,0,0,7,47,95,218,243,252,254,254,254,255,255,254,253,218,79,22,0,0,0,0,0,0,0,0,0,0,0,1,33,127,175,246,253,254,254,254,255,255,254,254,247,163,33,7,0,0,0,0,0,0,0,0,0,0,7,33,163,244,251,254,254,254,254,254,255,254,254,246,208,47,1,0,0,0,0,0,0,0,0,0,0,0,27,95,223,249,250,249,246,241,250,254,255,254,253,207,126,8,0,0,0,0,0,0,0,0,0,0,0,0,18,63,169,215,217,215,206,206,238,254,254,254,247,159,79,3,0,0,0,0,0,0,0,0,0,0,0,0,0,2,21,37,37,40,55,180,235,254,254,244,207,47,10,0,0,0,0,0,0,0,0,0,0,0,0,0,0,0,2,4,4,13,50,209,246,254,254,220,159,22,3,0,0,0,0,0,0,0,0,0,0,0,0,0,0,0,0,0,0,46,127,246,254,254,246,128,47,1,0,0,0,0,0,0,0,0,0,0,0,0,0,0,0,0,0,0,2,82,170,251,254,252,233,84,22,0,0,0,0,0,0,0,0,0,0,0,0,0,0,0,0,0,0,0,4,125,215,254,254,250,217,39,5,0,0,0,0,0,0,0,0,0,0,0,0,0,0,0,0,0,0,0,4,114,203,254,254,250,222,51,9,0,0,0,0,0,0,0,0,0,0,0,0,0,0,0,0,0,0,0,2,81,170,250,254,252,233,84,22,0,0,0,0,0,0,0,0,0,0,0,0,0,0,0,0,0,0,0,0,20,67,187,234,254,251,175,95,7,0,0,0,0,0,0,0,0,0,0,0,0,0,0,0,0,0,0,0,5,22,131,207,253,254,220,159,20,2,0,0,0,0,0,0,0,0,0,0,0,0,0,0,0,0,0,0,0,0,33,90,219,245,244,202,32,3,0,0,0,0,0,0,0,0,0,0,0,0,0,0,0,0,0,0,0,0,8,35,163,218,229,169,21,2,0,0,0,0,0,0,0,0,0,0,0,0,0,0,0,0,0,0,0,0,0,1,33,77,107,65,2,0,0,0,0,0,0,0,0,0,0,0,0,0,0,0,0,0,0,0,0,0,0,0,0,2,3,2,0,0,0,0,0,0,0,0,0,0,0,0,0,0,0,0,0,0,0,0,0,0,0,0,0,0,0,0,0,0,0,0,0,0,0,0,0,0,0,0,0,0,0,0,0,0,0,0,0,0,0,0,0,0,0,0,0,0,0,0,0,0,0,0,0,0
21,0,0,0,0,0,0,0,0,0,0,0,0,0,0,0,0,0,0,0,0,0,0,0,0,0,0,0,0,0,0,0,0,0,0,0,0,0,0,0,0,0,0,0,0,0,0,0,0,0,0,0,0,0,0,0,0,0,0,0,0,0,0,0,0,0,0,0,0,0,0,0,4,4,2,0,0,0,0,0,0,0,0,0,0,0,0,0,0,0,0,0,0,0,0,2,4,5,22,46,114,124,82,46,7,1,0,0,0,0,0,0,0,0,0,0,0,0,0,0,0,0,7,20,37,39,84,127,203,214,170,126,32,7,0,0,0,0,0,0,0,0,0,0,0,0,0,0,1,9,90,158,215,217,233,245,251,251,251,242,115,34,0,0,0,0,0,0,0,0,0,0,0,0,0,0,9,35,163,218,249,250,251,251,234,227,249,249,139,50,0,0,0,0,0,0,0,0,0,0,0,0,0,7,90,163,245,252,250,245,208,171,88,84,223,250,203,114,4,0,0,0,0,0,0,0,0,0,0,0,3,27,174,218,219,204,139,115,46,22,24,83,233,251,203,114,4,0,0,0,0,0,0,0,0,0,0,0,2,18,118,156,137,115,50,34,8,3,34,115,245,251,172,82,2,0,0,0,0,0,0,0,0,0,0,0,0,0,8,16,8,4,0,0,0,3,84,172,251,245,115,34,0,0,0,0,0,0,0,0,0,0,0,0,0,0,0,1,0,0,0,0,1,10,128,208,249,230,84,25,4,4,0,0,0,0,0,0,0,0,0,0,0,0,0,0,0,0,0,0,20,77,220,245,207,161,103,117,125,113,33,8,0,0,0,0,0,0,0,0,0,0,0,0,0,0,0,0,36,115,243,251,209,174,178,204,215,202,90,33,0,0,0,0,0,0,0,0,0,0,0,0,0,0,7,32,132,189,252,254,252,251,252,253,251,244,175,95,3,0,0,0,0,0,0,0,0,0,0,0,0,0,23,79,207,234,254,255,254,254,250,249,232,208,120,63,2,0,0,0,0,0,0,0,0,0,0,0,8,33,131,187,251,254,254,253,232,209,140,127,82,46,8,2,0,0,0,0,0,0,0,0,0,0,0,1,35,90,207,234,253,252,249,243,175,128,51,38,21,8,0,0,0,0,0,0,0,0,0,0,0,0,10,36,163,219,253,253,221,177,127,113,34,10,0,0,0,0,0,0,0,0,0,0,0,0,0,0,1,7,47,95,219,245,250,243,164,96,38,32,7,1,0,0,0,0,0,0,0,0,0,0,0,0,0,1,35,90,207,232,244,221,139,115,33,8,0,0,0,0,0,0,0,0,0,0,0,0,0,0,0,0,7,33,163,219,246,232,159,91,11,4,0,0,0,0,0,0,0,0,0,0,0,0,0,0,0,0,0,0,20,77,218,244,220,175,79,33,1,0,0,0,0,0,0,0,0,0,0,0,0,0,0,0,0,0,0,0,31,106,210,202,91,36,3,0,0,0,0,0,0,0,0,0,0,0,0,0,0,0,0,0,0,0,0,0,18,63,123,113,33,8,0,0,0,0,0,0,0,0,0,0,0,0,0,0,0,0,0,0,0,0,0,0,0,2,4,4,0,0,0,0,0,0,0,0,0,0,0,0,0,0,0,0,0,0,0,0,0,0,0,0,0,0,0,0,0,0,0,0,0,0,0,0,0,0,0,0,0,0,0,0,0,0,0,0,0,0,0,0,0,0,0,0,0,0,0,0,0,0,0,0,0,0,0,0,0,0,0,0,0,0,0,0,0
26,0,0,0,0,0,0,0,0,0,0,0,0,0,0,0,0,0,0,0,0,0,0,0,0,0,0,0,0,0,0,0,0,0,0,0,0,0,0,0,0,0,0,0,0,0,0,0,0,0,0,0,0,0,0,0,0,0,0,0,0,0,0,0,0,0,0,0,0,0,0,0,0,0,0,0,0,0,0,0,0,0,0,0,0,0,0,0,0,0,0,0,0,0,0,0,0,0,0,0,0,0,0,0,0,0,0,0,0,0,0,0,0,0,0,0,0,0,0,0,0,0,0,0,0,0,0,0,0,0,0,0,0,0,0,0,0,0,0,0,0,0,0,0,0,0,0,0,0,0,0,0,0,0,0,0,0,0,0,0,0,0,0,0,0,0,0,0,0,0,0,0,0,0,0,0,0,0,0,0,0,0,0,0,0,0,0,0,0,0,0,20,37,32,1,0,0,0,0,0,0,0,0,0,0,0,0,0,0,0,0,0,0,0,0,0,1,22,83,220,249,243,77,2,0,0,0,0,0,0,0,0,0,0,0,0,0,0,0,0,0,0,0,0,35,159,231,250,254,255,125,4,0,0,0,0,1,20,31,0,0,0,0,0,0,0,0,0,0,0,0,9,163,245,234,148,236,254,127,4,0,0,0,0,79,216,167,2,0,0,0,0,0,0,0,0,0,3,67,175,233,144,77,38,217,252,82,2,0,0,0,20,176,247,129,0,0,0,0,0,0,0,0,0,1,48,175,244,155,24,2,37,217,250,39,0,0,0,4,109,247,249,126,0,0,0,0,0,0,0,0,3,36,207,244,207,23,1,0,37,217,250,37,0,0,0,4,125,254,234,82,0,0,0,0,0,0,0,4,67,175,249,187,79,0,0,0,37,217,250,37,0,0,0,0,51,251,217,37,0,0,0,0,0,1,79,171,234,245,95,20,0,0,0,0,39,218,233,21,0,0,0,0,37,249,204,32,0,0,0,0,1,35,219,250,232,159,9,0,0,0,0,0,82,233,218,5,0,0,0,0,37,246,140,9,0,0,0,9,47,164,250,219,96,22,0,0,0,0,0,0,126,249,217,4,0,0,0,0,37,246,129,5,0,4,36,207,243,243,96,22,1,0,0,0,0,0,0,0,127,250,217,4,0,0,0,0,37,248,173,25,46,116,177,243,177,115,9,0,0,0,0,0,0,0,0,0,127,250,217,4,0,0,0,0,37,249,234,147,209,244,230,127,34,4,0,0,0,0,0,0,0,0,0,0,127,250,217,4,0,0,0,0,20,218,249,246,244,207,95,9,0,0,0,0,0,0,0,0,0,0,0,0,125,248,214,4,0,0,0,0,0,20,37,37,32,8,0,0,0,0,0,0,0,0,0,0,0,0,0,0,32,100,45,0,0,0,0,0,0,0,0,0,0,0,0,0,0,0,0,0,0,0,0,0,0,0,0,0,0,3,0,0,0,0,0,0,0,0,0,0,0,0,0,0,0,0,0,0,0,0,0,0,0,0,0,0,0,0,0,0,0,0,0,0,0,0,0,0,0,0,0,0,0,0,0,0,0,0,0,0,0,0,0,0,0,0,0,0,0,0,0,0,0,0,0,0,0,0,0,0,0,0,0,0,0,0,0,0,0,0,0,0,0,0,0,0,0,0,0,0,0,0,0,0,0,0,0,0,0,0,0,0,0,0,0,0,0,0,0,0,0,0,0,0,0,0,0,0,0,0,0,0,0,0,0,0,0,0,0,0,0,0,0,0,0,0,0,0,0,0,0,0,0,0
21,0,0,0,0,0,0,0,0,0,0,0,0,0,0,0,0,0,0,0,0,0,0,0,0,0,0,0,0,0,0,0,0,0,0,0,0,0,0,0,0,0,0,0,0,0,0,0,0,0,0,0,0,0,0,0,0,0,0,0,0,0,0,0,0,0,0,0,0,0,0,0,0,2,3,0,0,0,0,0,0,0,0,0,0,0,0,0,0,0,0,0,4,4,4,3,8,32,37,37,39,80,100,50,38,18,0,0,0,0,0,0,0,0,0,0,0,0,7,32,113,127,125,97,109,202,215,217,217,233,240,222,214,122,10,1,0,0,0,0,0,0,0,0,0,0,20,76,201,217,215,186,190,243,249,250,250,252,253,250,248,174,34,7,0,0,0,0,0,0,0,0,0,0,32,111,240,250,250,252,253,254,254,254,252,251,252,254,254,243,113,32,0,0,0,0,0,0,0,0,0,0,20,76,201,217,222,247,253,252,251,245,233,223,236,254,255,249,125,37,0,0,0,0,0,0,0,0,0,0,1,7,32,39,52,163,217,189,146,114,82,71,146,251,254,249,125,37,0,0,0,0,0,0,0,0,0,0,0,0,4,5,11,91,159,137,68,33,21,43,131,250,254,245,114,32,0,0,0,0,0,0,0,0,0,0,0,0,0,0,0,8,31,49,17,0,3,84,173,252,253,207,46,8,0,0,0,0,0,0,0,0,0,0,0,0,0,0,0,0,0,1,0,3,22,171,232,251,232,95,7,0,0,0,0,0,0,0,0,0,0,0,0,0,0,0,0,0,0,0,0,12,48,208,245,244,207,47,1,0,0,0,0,0,0,0,0,0,0,0,0,0,0,1,7,32,36,27,39,127,176,247,251,177,96,7,0,0,0,0,0,0,0,0,0,0,0,0,0,0,0,7,32,113,124,97,109,207,232,253,250,143,54,1,0,0,0,0,0,0,0,0,0,0,0,0,0,0,0,32,111,240,248,238,239,253,254,254,252,177,95,7,0,0,0,0,0,0,0,0,0,0,0,0,0,0,0,32,111,242,252,252,250,251,252,254,254,220,159,20,0,0,0,0,0,0,0,0,0,0,0,0,0,0,0,7,33,158,202,203,172,147,189,252,254,249,215,37,0,0,0,0,0,0,0,0,0,0,0,0,0,0,0,0,1,20,32,32,21,25,84,232,251,250,217,39,0,0,0,0,0,0,0,0,0,0,0,0,0,0,0,0,0,2,4,4,2,9,46,208,246,250,222,50,0,0,0,0,0,0,0,0,0,0,0,0,0,0,0,0,0,0,0,0,0,0,9,140,222,253,240,100,3,0,0,0,0,0,0,0,0,0,0,0,0,0,0,0,0,0,0,0,0,0,5,129,217,252,233,80,2,0,0,0,0,0,0,0,0,0,0,0,0,0,0,0,0,0,0,0,0,0,4,127,217,243,202,34,0,0,0,0,0,0,0,0,0,0,0,0,0,0,0,0,0,0,0,0,0,0,4,125,212,217,158,20,0,0,0,0,0,0,0,0,0,0,0,0,0,0,0,0,0,0,0,0,0,0,2,63,106,77,33,1,0,0,0,0,0,0,0,0,0,0,0,0,0,0,0,0,0,0,0,0,0,0,0,2,3,2,0,0,0,0,0,0,0,0,0,0,0,0,0,0,0,0,0,0,0,0,0,0,0,0,0,0,0,0,0,0,0,0,0,0,0,0,0,0,0,0,0,0,0,0,0,0,0,0,0,0,0,0,0,0,0,0,0,0,0,0,0,0,0,0,0
21,0,0,0,0,0,0,0,0,0,0,0,0,0,0,0,0,0,0,0,0,0,0,0,0,0,0,0,0,0,0,0,0,0,0,0,0,0,0,0,0,0,0,0,0,0,0,0,0,0,0,0,0,0,0,0,0,0,0,0,0,0,0,0,0,0,0,0,0,0,0,0,0,0,4,4,9,32,32,3,0,0,0,0,0,0,0,0,0,0,0,0,0,0,0,0,0,0,0,0,0,10,113,127,140,203,203,78,7,0,0,0,0,0,0,0,0,0,0,0,0,0,0,0,0,2,9,32,51,128,243,250,250,254,254,201,32,0,0,0,0,0,0,0,0,0,0,0,2,4,4,4,22,82,139,204,222,245,250,246,239,253,255,217,37,0,0,0,0,0,0,0,4,9,32,39,82,125,127,127,173,232,250,253,253,244,141,116,114,234,254,204,32,0,0,0,0,0,2,76,201,222,245,250,252,254,254,253,250,245,208,140,114,46,1,2,82,233,253,115,4,0,0,0,0,0,3,111,240,250,250,233,217,217,217,204,129,114,46,9,4,0,0,9,139,250,246,46,0,0,0,0,0,0,0,32,113,127,127,82,39,37,37,32,5,4,0,0,0,0,0,46,208,253,220,9,0,0,0,0,0,0,0,0,4,4,4,2,0,0,0,0,0,0,0,0,0,0,8,127,246,251,170,2,0,0,0,0,0,0,0,0,0,0,0,0,0,0,0,0,0,0,0,0,0,0,46,208,253,220,79,0,0,0,0,0,0,0,0,0,0,0,0,0,0,0,0,0,0,0,0,0,0,1,128,245,244,127,10,0,0,0,0,0,0,0,0,0,0,0,0,0,0,0,0,0,0,0,0,0,0,33,221,251,175,34,0,0,0,0,0,0,0,0,0,0,0,0,0,0,0,0,0,0,0,2,5,22,84,187,254,241,159,128,114,38,20,1,0,0,0,0,0,0,0,0,0,1,20,37,37,37,39,82,127,173,232,252,254,254,251,250,245,216,159,47,5,0,0,0,0,0,0,0,0,33,158,215,217,217,217,233,249,252,254,254,250,250,250,250,250,253,247,190,33,0,0,0,0,0,0,0,0,113,243,254,254,254,254,254,254,252,249,232,140,127,127,127,129,234,254,233,82,2,0,0,0,0,0,0,0,108,213,217,217,217,217,217,215,172,127,82,9,4,4,4,7,173,252,249,125,4,0,0,0,0,0,0,0,18,37,37,37,37,37,37,37,21,5,2,0,0,0,0,0,130,250,250,127,4,0,0,0,0,0,0,0,0,0,0,0,0,0,0,0,0,0,0,0,0,0,0,2,172,252,250,127,4,0,0,0,0,0,0,0,0,0,0,0,0,0,0,0,0,0,0,0,0,0,1,36,234,254,232,82,2,0,0,0,0,0,0,0,0,0,0,0,0,0,0,0,0,0,0,0,0,0,20,158,253,251,171,22,0,0,0,0,0,0,0,0,0,0,0,0,0,0,0,0,0,0,0,0,0,0,32,200,253,230,83,3,0,0,0,0,0,0,0,0,0,0,0,0,0,0,0,0,0,0,0,0,0,0,7,90,202,122,20,0,0,0,0,0,0,0,0,0,0,0,0,0,0,0,0,0,0,0,0,0,0,0,0,7,32,8,0,0,0,0,0,0,0,0,0,0,0,0,0,0,0,0,0,0,0,0,0,0,0,0,0,0,0,0,0,0,0,0,0,0,0,0,0,0,0,0,0,0,0,0,0,0,0,0,0,0,0,0,0,0,0,0,0,0,0,0
24,0,0,0,0,0,0,0,0,0,0,0,0,0,0,0,0,0,0,0,0,0,0,0,0,0,0,0,0,0,0,0,0,0,0,0,0,0,0,0,0,0,0,0,0,0,0,0,0,0,2,0,0,0,0,0,0,0,0,0,0,0,0,0,0,0,0,0,0,0,0,0,0,0,0,0,8,90,168,65,0,0,0,0,0,0,0,0,0,0,0,0,0,0,0,0,0,0,0,0,0,0,0,5,84,215,227,106,0,0,0,0,0,0,0,0,0,0,0,0,0,0,0,0,0,0,0,0,0,1,22,100,237,215,36,3,0,0,0,0,0,0,0,0,0,0,0,0,0,0,0,0,0,0,0,0,0,35,159,232,219,91,1,0,0,0,0,0,0,0,0,0,0,0,0,0,0,0,0,0,0,0,0,0,10,207,253,244,47,1,0,0,0,0,0,0,0,0,0,0,0,0,0,0,0,0,0,0,0,0,0,3,79,247,251,175,7,0,0,0,0,0,0,0,0,0,0,0,0,0,0,0,0,0,0,3,2,0,0,47,176,253,218,79,0,0,0,0,0,0,0,0,0,0,0,0,0,0,0,0,0,0,78,198,121,2,36,231,252,163,35,1,0,0,0,0,0,0,0,0,0,0,0,0,0,0,0,0,0,1,155,249,209,56,164,252,231,36,1,2,4,4,0,0,0,0,0,0,0,0,0,0,0,0,0,0,0,0,47,208,253,251,254,207,59,8,36,127,217,201,22,0,0,0,0,0,0,0,0,0,0,0,0,0,0,0,9,139,250,255,252,99,12,91,203,235,254,251,81,2,0,0,0,0,0,0,0,0,0,0,0,0,0,0,3,66,227,254,254,222,217,247,247,222,249,254,127,4,0,0,0,0,0,0,0,0,0,0,0,0,0,0,77,176,246,222,217,245,249,220,159,55,209,253,127,4,0,0,0,0,0,0,0,0,0,0,0,0,0,9,188,247,195,12,5,32,37,9,2,2,174,251,115,4,0,0,0,0,0,0,0,0,0,0,0,0,6,79,244,207,59,0,0,0,0,0,0,4,215,252,82,2,0,0,0,0,0,0,0,0,0,0,0,3,185,235,207,47,1,0,0,0,0,0,0,9,222,250,39,0,0,0,0,0,0,0,0,0,0,0,0,5,217,251,95,7,0,0,0,0,0,0,0,28,241,250,37,0,0,0,0,0,0,0,0,0,0,0,3,79,247,220,9,0,0,0,0,0,0,0,0,15,198,243,32,0,0,0,0,0,0,0,0,0,0,0,34,175,247,159,2,0,0,0,0,0,0,0,0,21,222,221,9,0,0,0,0,0,0,0,0,0,0,0,113,243,220,52,0,0,0,0,0,0,0,0,0,36,248,215,4,0,0,0,0,0,0,0,0,0,0,0,77,217,126,8,0,0,0,0,0,0,0,0,0,21,229,140,0,0,0,0,0,0,0,0,0,0,0,0,8,75,32,0,0,0,0,0,0,0,0,0,0,9,217,127,0,0,0,0,0,0,0,0,0,0,0,0,0,0,0,0,0,0,0,0,0,0,0,0,2,77,224,82,0,0,0,0,0,0,0,0,0,0,0,0,0,0,0,0,0,0,0,0,0,0,0,0,3,105,153,32,0,0,0,0,0,0,0,0,0,0,0,0,0,0,0,0,0,0,0,0,0,0,0,0,0,2,2,0,0,0,0,0,0,0,0,0,0,0,0,0,0,0,0,0,0,0,0,0,0,0,0,0,0,0,0,0,0,0,0,0,0,0,0
19,0,0,0,0,0,0,0,0,0,0,0,0,0,0,0,0,0,0,0,0,0,0,0,0,0,0,0,0,0,0,0,0,0,0,0,0,0,0,0,0,0,0,0,0,0,0,0,0,0,0,0,0,0,0,0,0,0,0,0,0,0,0,0,0,0,0,0,0,0,0,0,0,0,0,0,0,0,0,0,0,0,0,0,0,0,0,0,0,0,0,0,0,0,0,0,0,0,0,0,0,0,0,0,0,0,0,0,0,0,0,0,0,0,0,0,0,0,0,0,0,0,0,0,0,0,0,0,0,0,0,0,0,0,2,3,0,0,0,0,0,0,0,0,0,0,0,2,4,4,4,4,2,0,0,0,0,0,0,2,21,34,80,100,33,8,0,0,0,0,0,0,0,0,5,18,37,37,37,37,20,7,0,0,0,0,5,20,82,115,170,189,90,33,0,0,0,0,0,0,0,0,20,65,125,127,127,125,77,33,1,0,0,0,18,65,170,204,233,238,158,77,2,0,0,0,0,0,0,2,82,170,248,250,250,249,218,163,33,7,0,0,37,125,247,253,254,254,215,125,4,0,0,0,0,0,0,4,115,204,253,254,254,254,245,218,79,22,0,0,37,125,247,253,255,254,217,127,4,0,0,0,0,0,2,21,172,233,254,254,251,252,254,251,175,95,7,0,20,75,175,202,252,254,215,125,4,0,0,0,0,0,4,34,204,245,253,247,227,235,253,254,220,159,22,3,7,30,100,158,251,254,204,114,4,0,0,0,0,0,21,82,233,252,234,178,68,97,207,234,251,232,100,48,7,3,52,141,250,250,140,50,0,0,0,0,0,0,32,114,245,254,222,141,20,35,131,187,251,247,176,127,34,13,85,173,252,249,127,38,0,0,0,0,0,0,49,139,250,254,205,115,4,1,23,79,206,232,250,244,177,143,189,234,247,220,77,20,0,0,0,0,0,1,71,160,251,253,184,94,3,0,7,32,127,175,245,252,234,222,235,248,231,175,34,7,0,0,0,0,0,3,94,184,253,251,160,71,1,0,0,0,10,36,159,207,240,233,216,203,122,67,3,0,0,0,0,0,0,4,115,205,254,250,139,49,0,0,0,0,1,8,79,126,190,170,127,114,45,20,0,0,0,0,0,0,0,4,127,217,254,250,127,37,0,0,0,0,0,0,3,8,27,20,5,4,0,0,0,0,0,0,0,0,0,4,125,215,254,250,127,37,0,0,0,0,0,0,0,0,3,2,0,0,0,0,0,0,0,0,0,0,0,2,77,158,238,229,109,32,0,0,0,0,0,0,0,0,0,0,0,0,0,0,0,0,0,0,0,0,0,0,33,90,188,168,65,18,0,0,0,0,0,0,0,0,0,0,0,0,0,0,0,0,0,0,0,0,0,0,8,33,100,80,20,5,0,0,0,0,0,0,0,0,0,0,0,0,0,0,0,0,0,0,0,0,0,0,0,0,3,2,0,0,0,0,0,0,0,0,0,0,0,0,0,0,0,0,0,0,0,0,0,0,0,0,0,0,0,0,0,0,0,0,0,0,0,0,0,0,0,0,0,0,0,0,0,0,0,0,0,0,0,0,0,0,0,0,0,0,0,0,0,0,0,0,0,0,0,0,0,0,0,0,0,0,0,0,0,0,0,0,0,0,0,0,0,0,0,0,0,0,0,0,0,0,0,0,0,0,0,0,0,0,0,0,0,0,0,0,0,0,0,0,0,0,0,0,0,0,0,0,0,0,0,0,0,0,0,0,0,0,0,0,0
5,0,0,0,0,0,0,0,0,0,0,0,0,0,0,0,0,0,0,0,0,0,0,0,0,0,0,0,0,0,0,0,0,0,0,0,0,0,0,0,0,2,4,4,4,0,0,0,0,0,0,0,0,0,0,0,0,0,0,0,0,0,0,0,0,0,3,21,38,82,125,127,114,46,9,2,0,0,0,0,0,0,0,0,0,0,0,0,0,0,0,0,1,20,84,170,216,233,249,250,245,209,139,82,21,3,0,0,0,0,0,0,0,0,0,0,0,0,0,8,47,159,234,252,254,254,254,255,254,254,250,233,170,79,10,0,0,0,0,0,0,0,0,0,0,1,33,127,209,247,252,245,222,217,217,217,222,245,252,254,252,220,127,32,0,0,0,0,0,0,0,0,1,35,163,244,252,234,172,115,51,37,37,37,51,115,172,216,247,254,242,131,22,0,0,0,0,0,0,0,46,207,252,222,133,66,34,5,0,0,0,0,0,0,2,5,91,207,247,250,175,34,0,0,0,0,0,8,127,244,231,123,44,186,185,32,0,0,0,0,0,0,0,0,7,48,176,252,243,113,4,0,0,0,0,34,204,232,100,20,38,217,217,39,0,0,0,0,0,0,0,0,0,3,84,234,250,127,4,0,0,0,2,82,231,173,22,0,32,204,234,100,22,1,0,0,0,0,0,0,0,0,39,217,250,127,4,0,0,0,4,125,245,129,5,0,8,127,252,232,154,20,0,0,0,0,0,0,0,0,32,204,249,129,5,0,0,0,4,127,245,127,4,0,0,34,234,254,215,37,0,0,0,0,0,0,0,0,8,127,243,172,21,0,0,0,4,127,245,127,4,0,0,4,204,254,217,37,0,0,0,0,0,0,0,0,0,51,222,215,37,0,0,0,4,127,247,159,16,0,0,0,129,250,222,51,0,0,0,0,0,0,0,0,0,37,217,228,69,1,0,0,4,127,246,140,9,0,0,0,114,245,245,114,4,0,0,0,0,0,0,0,0,37,217,222,51,0,0,0,4,114,243,173,24,0,0,0,51,222,250,127,4,0,0,0,0,0,0,0,0,37,217,233,82,2,0,0,0,46,207,233,131,34,3,7,69,223,245,114,4,0,0,0,0,0,0,0,0,37,217,244,112,3,0,0,0,7,95,230,243,175,86,97,221,248,218,50,0,0,0,0,0,0,0,0,0,39,217,222,51,0,0,0,0,0,20,127,232,251,234,235,251,220,122,19,0,0,0,0,0,0,0,0,2,82,233,217,37,0,0,0,0,0,0,22,122,204,217,217,170,79,10,0,0,0,0,0,0,0,0,0,4,125,249,215,37,0,0,0,0,0,0,0,0,4,4,4,2,0,0,0,0,0,0,0,0,0,0,0,9,140,242,127,8,0,0,0,0,0,0,0,0,0,0,0,0,0,0,0,0,0,0,0,0,0,0,0,46,208,218,50,0,0,0,0,0,0,0,0,0,0,0,0,0,0,0,0,0,0,0,0,0,0,0,4,114,224,126,19,0,0,0,0,0,0,0,0,0,0,0,0,0,0,0,0,0,0,0,0,0,0,0,4,118,154,23,0,0,0,0,0,0,0,0,0,0,0,0,0,0,0,0,0,0,0,0,0,0,0,0,2,49,31,1,0,0,0,0,0,0,0,0,0,0,0,0,0,0,0,0,0,0,0,0,0,0,0,0,0,1,0,0,0,0,0,0,0,0,0,0,0,0,0,0,0,0,0,0,0,0,0,0,0,0,0,0,0,0,0,0,0,0,0,0
2,0,0,0,0,0,0,0,0,0,0,0,0,0,0,0,0,0,0,0,0,0,0,0,0,0,0,0,0,0,0,0,0,0,0,0,0,0,0,0,0,0,0,2,4,4,0,0,0,0,0,0,0,0,0,0,0,0,0,0,0,0,0,0,0,0,0,0,0,0,2,63,125,114,46,7,0,0,0,0,0,0,0,0,0,0,0,0,0,0,0,0,0,0,0,0,0,0,4,123,244,245,206,77,2,0,0,0,0,0,0,0,0,0,0,0,0,2,3,0,0,0,0,0,0,0,2,77,220,254,249,127,5,0,0,0,0,0,0,0,0,0,0,0,2,63,111,45,5,0,0,0,0,0,0,10,127,244,252,173,22,0,0,0,0,0,0,0,0,0,0,0,4,125,240,194,45,0,0,0,0,0,0,0,34,175,251,232,83,3,0,0,0,0,0,0,0,0,0,0,5,129,250,245,114,4,0,0,0,0,0,0,3,83,232,251,175,34,0,0,0,0,0,0,0,0,0,0,21,172,252,245,114,4,0,0,0,0,0,0,0,22,159,247,244,126,8,0,0,0,0,0,0,0,0,0,37,215,254,222,50,0,0,0,0,0,0,0,0,1,48,210,253,208,47,1,0,0,0,0,0,0,0,0,37,217,253,204,32,0,0,0,2,5,20,25,33,37,58,191,253,247,159,22,0,0,0,0,0,0,0,0,37,217,250,140,9,3,21,38,82,127,170,184,205,217,222,247,254,254,232,81,2,0,0,0,0,0,0,0,37,217,250,139,16,78,170,216,233,249,252,252,251,250,250,251,252,254,249,127,5,0,0,0,0,0,0,0,37,217,251,159,49,201,251,254,254,254,246,220,172,129,139,160,174,234,251,172,21,0,0,0,0,0,0,0,37,217,250,127,23,121,190,140,127,114,46,9,2,0,0,1,4,84,233,235,127,18,0,0,0,0,0,0,37,217,250,127,5,8,33,41,42,36,8,0,0,0,0,0,0,38,216,253,213,37,0,0,0,0,0,0,37,215,250,127,4,0,33,185,217,201,77,2,0,0,0,0,0,21,172,252,217,37,0,0,0,0,0,0,21,172,247,127,4,3,84,233,254,249,125,4,0,0,0,0,0,5,129,250,217,37,0,0,0,0,0,0,4,115,241,140,11,36,175,251,255,250,127,4,0,0,0,0,0,9,140,250,217,37,0,0,0,0,0,0,0,50,219,209,79,164,245,253,254,250,129,5,0,0,0,0,0,34,204,253,217,37,0,0,0,0,0,0,0,21,170,246,227,247,245,191,224,251,173,22,0,0,0,0,3,84,233,253,203,32,0,0,0,0,0,0,0,3,78,206,240,220,158,44,128,245,232,95,9,0,0,7,48,176,251,244,126,8,0,0,0,0,0,0,0,0,7,45,100,50,20,2,50,218,252,219,91,11,11,91,207,246,244,163,33,0,0,0,0,0,0,0,0,0,0,0,3,0,0,0,19,126,234,253,221,141,141,220,251,221,127,33,1,0,0,0,0,0,0,0,0,0,0,0,0,0,0,0,0,23,154,216,233,245,229,217,202,91,10,0,0,0,0,0,0,0,0,0,0,0,0,0,0,0,0,0,0,1,20,38,82,124,82,39,32,7,0,0,0,0,0,0,0,0,0,0,0,0,0,0,0,0,0,0,0,0,0,0,2,4,2,0,0,0,0,0,0,0,0,0,0,0,0,0,0,0,0,0,0,0,0,0,0,0,0,0,0,0,0,0,0,0,0,0,0,0,0,0,0
25,0,0,0,0,0,0,0,0,0,0,0,0,0,0,0,0,0,0,0,0,0,0,0,0,0,0,0,0,0,0,0,0,0,0,0,0,0,0,0,0,0,0,0,0,0,0,0,0,0,0,0,0,0,0,0,0,0,0,0,0,0,0,0,0,0,0,0,0,0,0,0,0,0,0,0,0,0,0,0,0,0,0,0,0,0,0,0,0,0,0,0,0,0,0,0,0,0,0,0,0,0,0,0,2,2,0,0,0,0,0,0,0,0,0,0,0,0,0,0,0,0,0,0,0,0,0,0,0,0,0,19,150,156,10,0,0,0,0,0,0,0,0,0,0,0,0,0,0,0,0,0,0,0,0,0,0,0,0,20,170,243,123,20,0,0,0,0,0,0,0,0,0,0,0,0,0,0,0,0,0,0,0,0,0,0,0,4,115,243,230,83,3,0,0,0,0,0,0,0,0,0,0,3,32,37,32,4,0,0,0,0,0,0,0,0,34,175,251,175,36,0,0,0,0,0,0,0,0,4,36,159,245,250,245,202,78,3,0,0,0,0,0,0,0,50,250,253,207,10,0,0,0,0,0,0,20,110,177,246,254,254,254,251,175,34,0,0,0,0,0,0,0,20,220,254,247,79,3,0,0,0,0,7,100,230,252,253,222,217,234,254,244,126,8,0,0,0,0,0,0,1,128,246,254,175,32,0,0,0,2,77,232,253,251,218,52,39,100,251,254,203,32,0,0,0,0,0,0,0,50,220,254,232,82,2,0,0,4,125,254,244,131,23,0,0,9,222,254,222,51,0,0,0,0,0,0,0,9,140,250,249,125,4,0,0,2,77,237,163,33,0,0,0,4,204,254,245,114,0,0,0,0,0,0,0,9,140,250,250,127,4,0,0,0,8,99,33,1,0,0,0,0,140,250,250,127,0,0,0,0,0,0,5,64,209,254,249,125,4,0,0,0,0,3,0,0,0,0,0,0,127,250,250,127,0,0,0,0,2,9,59,219,249,254,232,81,2,0,0,0,0,0,0,0,0,0,0,0,129,250,250,127,0,2,9,52,159,220,246,254,254,244,90,7,0,0,0,0,0,0,0,0,0,0,0,3,173,252,251,146,39,82,139,220,247,254,254,251,220,127,8,0,0,0,0,0,0,0,0,0,0,0,1,36,232,254,254,236,217,233,250,254,254,252,245,171,79,10,0,0,0,0,0,0,0,0,0,1,15,10,47,164,253,255,254,254,254,254,254,250,243,177,115,22,3,0,0,0,0,0,0,0,0,0,10,91,213,222,246,254,254,254,254,250,220,172,115,39,32,7,0,0,0,0,0,0,0,0,0,0,0,20,123,221,253,254,254,254,251,233,204,139,50,21,4,0,0,0,0,0,0,0,0,0,0,0,0,0,0,81,230,254,254,254,251,233,170,84,34,9,0,0,0,0,0,0,0,0,0,0,0,0,0,0,0,0,0,111,240,250,250,232,171,84,21,3,0,0,0,0,0,0,0,0,0,0,0,0,0,0,0,0,0,0,0,7,32,37,37,21,3,0,0,0,0,0,0,0,0,0,0,0,0,0,0,0,0,0,0,0,0,0,0,0,0,0,0,0,0,0,0,0,0,0,0,0,0,0,0,0,0,0,0,0,0,0,0,0,0,0,0,0,0,0,0,0,0,0,0,0,0,0,0,0,0,0,0,0,0,0,0,0,0,0,0,0,0,0,0,0,0,0,0,0,0,0,0,0,0,0,0,0,0,0,0,0,0,0,0,0,0,0,0,0
9,0,0,0,0,0,0,0,0,0,0,0,0,0,0,0,0,0,0,0,0,0,0,0,0,0,0,0,0,0,0,0,0,0,0,0,0,0,0,0,0,0,0,0,0,0,0,0,0,0,0,0,0,0,0,0,0,0,0,0,0,0,0,0,0,0,0,0,0,0,0,0,0,0,0,0,0,0,0,0,0,0,0,0,0,0,0,0,0,0,0,0,0,0,0,0,0,0,0,0,0,0,0,0,0,0,0,0,0,0,0,0,0,0,0,0,0,0,0,0,0,0,0,0,0,0,0,0,0,0,0,0,0,0,0,0,0,0,0,0,0,0,0,0,0,0,0,0,0,0,0,0,0,0,0,0,0,0,0,0,0,0,0,0,0,0,0,0,0,0,0,0,0,0,0,0,0,0,0,0,0,0,0,0,0,0,0,0,0,0,0,0,0,0,0,0,0,0,0,0,0,0,0,0,0,0,0,0,0,0,0,0,0,0,0,0,0,0,0,0,0,0,0,0,0,0,0,0,0,0,0,0,0,0,0,0,0,0,0,0,0,0,0,0,0,0,0,0,0,0,0,0,0,0,0,0,0,0,0,0,0,0,0,0,0,0,0,0,0,0,0,0,0,0,0,0,0,0,0,0,0,0,0,0,0,0,0,0,0,0,0,0,8,21,32,37,37,37,37,37,37,32,21,3,0,0,0,0,0,0,0,0,0,0,0,0,0,0,3,9,46,82,114,127,127,127,127,127,126,114,82,22,7,0,0,0,0,0,0,0,0,0,2,4,4,5,22,46,127,171,204,217,217,217,217,217,216,204,171,79,33,1,0,0,0,0,0,0,0,22,66,125,127,129,173,209,246,252,254,255,254,252,252,254,255,254,252,212,143,15,1,0,0,0,0,0,5,57,126,213,215,214,229,241,249,250,250,250,245,234,234,245,250,250,249,211,143,15,1,0,0,0,0,1,15,131,195,207,173,140,127,127,127,127,127,126,114,84,84,114,127,127,126,77,33,1,0,0,0,0,0,0,6,85,143,125,84,51,37,37,37,37,37,37,32,21,21,32,37,37,37,20,7,0,0,0,0,0,0,0,1,32,64,44,22,9,4,4,4,4,4,4,4,2,2,4,4,4,4,2,0,0,0,0,0,0,0,0,0,0,1,0,0,0,0,0,0,0,0,0,0,0,0,0,0,0,0,0,0,0,0,0,0,0,0,0,0,0,0,0,0,0,0,0,0,0,0,0,0,0,0,0,0,0,0,0,0,0,0,0,0,0,0,0,0,0,0,0,0,0,0,0,0,0,0,0,0,0,0,0,0,0,0,0,0,0,0,0,0,0,0,0,0,0,0,0,0,0,0,0,0,0,0,0,0,0,0,0,0,0,0,0,0,0,0,0,0,0,0,0,0,0,0,0,0,0,0,0,0,0,0,0,0,0,0,0,0,0,0,0,0,0,0,0,0,0,0,0,0,0,0,0,0,0,0,0,0,0,0,0,0,0,0,0,0,0,0,0,0,0,0,0,0,0,0,0,0,0,0,0,0,0,0,0,0,0,0,0,0,0,0,0,0,0,0,0,0,0,0,0,0,0,0,0,0,0,0,0,0,0,0,0,0,0,0,0,0,0,0,0,0,0,0,0,0,0,0,0,0,0,0,0,0,0,0,0,0,0,0,0,0,0,0,0,0,0,0,0,0,0,0,0,0,0,0,0,0,0,0,0,0,0,0,0,0,0,0,0,0,0,0,0,0,0,0,0,0,0,0,0,0,0,0,0,0
5,0,0,0,0,0,0,0,0,0,0,0,0,0,0,0,0,0,0,0,0,0,0,0,0,0,0,0,0,0,0,0,0,0,0,0,0,0,0,0,0,0,0,0,0,0,0,0,0,0,0,0,0,0,0,0,0,0,0,0,0,0,0,0,0,0,0,0,0,0,0,4,4,4,2,0,0,0,0,0,0,0,0,0,0,0,0,0,0,0,0,0,0,0,0,0,3,22,46,114,125,114,82,22,8,0,0,0,0,0,0,0,0,0,0,0,0,0,0,0,0,0,0,8,22,83,127,203,215,203,170,83,46,8,0,0,0,0,0,0,0,0,0,0,0,0,0,0,0,4,22,122,170,232,246,254,254,254,251,232,208,122,20,3,0,0,0,0,0,0,0,0,0,0,0,0,2,24,59,195,230,251,254,254,254,254,254,251,245,194,47,10,0,0,0,0,0,0,0,0,0,0,0,3,67,170,209,249,254,254,254,254,249,227,235,253,254,247,159,79,3,0,0,0,0,0,0,0,0,0,7,34,175,250,254,254,254,255,255,251,222,84,100,221,247,254,232,175,34,7,0,0,0,0,0,0,0,0,22,79,220,254,254,254,254,254,254,250,218,48,41,175,232,254,247,220,77,20,0,0,0,0,0,0,0,3,83,171,251,254,249,228,236,254,254,250,217,37,7,84,172,252,254,250,139,50,0,0,0,0,0,0,0,8,127,208,254,252,236,165,193,252,254,250,217,37,5,50,139,250,254,252,172,82,2,0,0,0,0,0,8,46,208,246,254,243,203,87,147,251,254,250,217,37,4,21,82,233,254,254,215,125,4,0,0,0,0,0,21,82,232,251,254,220,161,103,174,252,254,249,215,37,4,9,51,222,254,254,217,127,4,0,0,0,0,0,50,139,250,254,246,137,72,145,221,254,254,232,170,21,2,4,37,217,254,254,217,127,4,0,0,0,0,2,82,172,252,254,239,129,107,189,235,254,254,208,127,8,0,4,37,217,254,254,217,127,4,0,0,0,0,3,112,202,254,254,250,229,235,252,254,249,232,122,45,0,0,4,37,217,254,254,217,127,4,0,0,0,0,2,81,170,251,254,254,251,252,254,254,234,187,67,20,0,0,4,37,217,254,254,217,127,4,0,0,0,0,0,22,78,201,216,233,249,249,233,220,154,79,4,0,0,0,9,51,222,254,254,217,127,4,0,0,0,0,0,7,32,113,127,172,215,215,172,139,77,32,0,0,0,0,21,82,233,254,254,217,127,4,0,0,0,0,0,0,0,4,5,21,37,37,21,9,2,0,0,0,0,0,50,139,250,254,254,203,114,4,0,0,0,0,0,0,0,0,0,0,0,0,0,0,0,0,0,0,0,3,112,202,254,254,250,139,50,0,0,0,0,0,0,0,0,0,0,0,0,0,0,0,0,0,0,0,0,3,111,200,253,253,243,115,34,0,0,0,0,0,0,0,0,0,0,0,0,0,0,0,0,0,0,0,0,0,33,90,202,202,158,33,7,0,0,0,0,0,0,0,0,0,0,0,0,0,0,0,0,0,0,0,0,0,8,33,113,113,77,8,1,0,0,0,0,0,0,0,0,0,0,0,0,0,0,0,0,0,0,0,0,0,0,0,4,4,2,0,0,0,0,0,0,0,0,0,0,0,0,0,0,0,0,0,0,0,0,0,0,0,0,0,0,0,0,0,0,0,0,0,0,0,0,0,0,0,0,0,0,0,0,0,0,0,0,0,0,0,0,0,0,0,0,0,0,0,0,0
10,0,0,0,0,0,0,0,0,0,0,0,0,0,0,0,0,0,0,0,0,0,0,0,0,0,0,0,0,0,0,0,0,0,0,0,0,0,0,0,0,0,0,0,0,0,0,0,0,0,0,0,0,0,0,0,0,0,0,0,0,0,0,0,0,0,0,0,0,0,0,0,0,2,4,4,4,0,0,0,0,0,0,0,0,0,0,0,0,0,0,0,0,0,0,0,0,0,0,0,5,18,37,37,32,5,0,0,0,0,0,0,0,0,0,0,0,0,0,0,0,0,0,0,0,0,0,3,31,107,212,213,190,47,10,1,0,0,0,0,0,0,0,0,0,0,0,0,0,0,0,0,0,0,0,3,32,111,240,247,230,95,34,7,0,0,0,0,0,0,0,0,0,0,0,0,0,0,0,0,0,0,0,2,21,82,233,251,247,159,77,20,0,0,0,0,0,0,0,0,0,0,0,0,0,0,0,0,0,0,0,0,4,34,204,245,253,216,127,38,0,0,0,0,0,0,0,0,0,0,0,0,0,0,0,0,0,0,0,0,2,21,172,233,252,222,140,51,0,0,0,0,0,0,0,0,0,0,0,0,0,0,0,0,0,0,0,0,0,9,140,222,251,233,172,82,2,0,0,0,0,0,0,0,0,0,0,0,0,0,0,0,0,0,0,0,1,11,141,222,251,244,202,112,3,0,0,0,0,0,0,0,0,0,0,0,0,0,0,0,0,0,0,3,10,36,177,234,252,233,172,82,2,0,0,0,0,0,0,0,0,0,0,0,0,0,0,0,0,0,1,22,47,96,221,247,254,220,139,50,0,0,0,0,0,0,0,0,0,0,0,0,0,0,0,0,3,10,36,159,207,232,253,254,252,170,82,21,0,0,0,0,0,0,0,0,0,0,0,0,0,0,0,0,20,47,95,219,244,252,255,254,246,127,46,8,0,0,0,0,0,0,0,0,0,0,0,0,0,4,9,24,127,195,231,253,254,252,249,242,206,46,8,0,0,0,0,0,0,0,0,0,0,0,0,1,7,34,50,84,187,232,250,254,249,236,216,201,154,22,3,0,0,0,0,0,0,0,0,0,0,0,0,7,32,115,139,173,234,249,254,252,234,189,128,113,77,7,0,0,0,0,0,0,0,0,0,0,0,0,19,56,129,242,250,252,254,254,249,207,155,79,6,4,2,0,0,0,0,0,0,0,0,0,0,0,0,1,47,100,169,251,254,254,254,250,232,131,79,32,0,0,0,0,0,0,0,0,0,0,0,0,0,0,0,1,47,100,170,251,252,251,245,230,195,59,23,7,0,0,0,0,0,0,0,0,0,0,0,0,0,0,0,0,6,40,128,218,177,141,114,81,45,5,0,0,0,0,0,0,0,0,0,0,0,0,0,0,0,0,0,0,4,37,122,171,100,53,32,21,8,0,0,0,0,0,0,0,0,0,0,0,0,0,0,0,0,0,0,0,4,32,105,118,47,12,4,2,0,0,0,0,0,0,0,0,0,0,0,0,0,0,0,0,0,0,0,0,0,5,18,18,5,0,0,0,0,0,0,0,0,0,0,0,0,0,0,0,0,0,0,0,0,0,0,0,0,0,2,2,0,0,0,0,0,0,0,0,0,0,0,0,0,0,0,0,0,0,0,0,0,0,0,0,0,0,0,0,0,0,0,0,0,0,0,0,0,0,0,0,0,0,0,0,0,0,0,0,0,0,0,0,0,0,0,0,0,0,0,0,0,0,0,0,0,0,0,0,0,0,0,0,0,0,0
21,0,0,0,0,0,0,0,0,0,0,0,0,0,0,0,0,0,0,0,0,0,0,0,0,0,0,0,0,0,0,0,0,0,0,0,0,0,0,0,0,0,0,0,0,0,0,0,0,0,0,0,0,0,0,0,0,0,0,0,0,0,0,0,0,0,0,0,0,0,4,4,4,4,4,4,4,4,2,0,0,0,0,0,0,0,0,0,0,0,0,0,0,0,0,0,3,8,32,37,37,37,37,37,37,37,18,5,0,0,0,0,0,0,0,0,0,0,0,0,4,9,21,50,84,127,203,215,217,217,217,217,217,213,122,47,10,0,0,0,0,0,0,0,0,0,1,7,34,50,82,139,172,208,245,249,247,246,246,249,250,247,174,95,34,0,0,0,0,0,0,0,0,8,35,90,202,220,233,248,248,248,233,220,172,142,142,208,232,247,243,202,115,4,0,0,0,0,0,0,0,33,90,163,243,250,251,235,222,216,172,139,82,52,52,128,176,222,249,220,139,9,0,0,0,0,0,0,2,75,156,218,253,254,251,189,145,128,82,50,21,10,10,48,100,178,250,232,170,20,2,0,0,0,0,0,2,75,151,200,217,215,201,79,24,6,2,0,0,0,0,10,52,142,248,232,170,20,2,0,0,0,0,0,0,32,76,113,127,125,113,32,7,0,0,0,0,0,0,22,84,173,247,220,139,9,0,0,0,0,0,0,0,0,2,4,4,4,4,0,0,0,0,0,0,0,3,83,171,232,231,170,82,2,0,0,0,0,0,0,0,0,0,0,0,0,0,0,0,0,0,0,0,0,8,127,208,245,208,127,46,0,0,0,0,0,0,0,0,0,0,0,0,0,0,0,0,0,0,0,0,3,22,171,232,248,171,83,22,0,0,0,0,0,0,0,0,0,0,0,0,0,2,4,4,4,4,4,7,25,84,232,248,232,83,22,3,0,0,0,0,0,0,0,0,0,0,2,5,9,21,37,37,37,37,37,41,64,133,245,245,208,46,8,0,0,0,0,0,0,0,0,0,1,7,20,38,50,82,125,127,127,127,127,129,145,189,249,234,174,23,3,0,0,0,0,0,0,0,0,0,33,90,158,216,222,233,249,250,250,250,250,250,250,252,252,234,174,23,3,0,0,0,0,0,0,0,0,2,77,158,218,249,250,252,254,254,254,254,254,254,253,252,251,245,208,46,8,0,0,0,0,0,0,0,0,4,123,212,247,254,254,255,254,254,254,254,251,232,208,174,178,220,237,127,46,8,0,0,0,0,0,0,0,3,109,190,230,253,254,254,254,254,254,246,232,171,127,85,98,164,218,169,81,21,0,0,0,0,0,0,0,2,65,122,174,243,249,250,250,249,245,208,171,83,46,23,37,95,174,200,113,32,0,0,0,0,0,0,0,0,3,10,34,113,125,127,127,125,114,46,22,3,0,0,3,22,79,181,118,36,0,0,0,0,0,0,0,0,0,1,7,32,37,37,37,37,32,8,3,0,0,0,0,7,33,126,93,30,0,0,0,0,0,0,0,0,0,0,0,0,0,0,0,0,0,0,0,0,0,0,0,0,1,14,13,4,0,0,0,0,0,0,0,0,0,0,0,0,0,0,0,0,0,0,0,0,0,0,0,0,0,1,1,0,0,0,0,0,0,0,0,0,0,0,0,0,0,0,0,0,0,0,0,0,0,0,0,0,0,0,0,0,0,0,0,0,0,0,0,0,0,0,0,0,0,0,0,0,0,0,0,0,0,0,0,0,0,0,0,0,0,0,0,0
11,0,0,0,0,0,0,0,0,0,0,0,0,0,0,0,0,0,0,0,0,0,0,0,0,0,0,0,0,0,0,0,0,0,0,0,0,0,0,0,0,0,0,0,0,0,0,0,0,0,0,0,0,0,0,0,0,0,0,0,0,0,0,0,0,0,0,0,0,0,0,0,0,0,0,0,0,0,0,0,0,0,0,0,0,0,0,0,0,0,0,0,0,0,0,0,0,0,0,0,0,0,0,0,0,0,0,2,2,0,0,0,0,0,0,0,0,0,0,0,0,0,0,0,0,0,0,0,0,0,0,0,0,5,20,80,75,8,1,0,0,0,0,0,0,0,0,0,0,0,0,0,0,0,0,0,0,0,0,0,7,59,127,229,217,77,20,0,0,0,0,0,0,0,0,0,0,0,0,0,0,0,0,0,0,0,0,1,33,131,187,250,243,113,32,0,0,0,0,0,0,0,0,0,0,0,0,0,0,0,0,0,0,7,20,52,163,244,251,247,218,108,32,0,0,0,0,0,0,0,0,0,0,0,0,0,0,0,0,2,11,91,158,220,247,251,244,163,51,18,5,0,0,0,0,0,0,0,0,0,0,0,0,0,0,0,8,21,52,163,218,250,253,234,207,91,11,2,0,0,0,0,0,0,0,0,0,0,0,0,0,4,5,34,126,170,220,247,253,253,231,127,59,7,0,0,0,0,0,0,0,0,0,0,0,0,2,5,34,113,127,177,244,251,254,254,254,235,102,20,5,0,0,0,0,0,0,0,0,0,3,4,4,9,21,38,95,202,216,234,253,254,254,255,254,227,68,4,0,0,0,0,0,0,0,0,0,18,108,124,127,140,172,216,234,253,254,254,254,254,254,254,254,247,159,22,3,0,0,0,0,0,0,0,0,31,181,208,212,213,214,217,222,247,253,254,249,236,223,249,254,254,232,95,34,0,0,0,0,0,0,0,0,5,32,37,37,37,37,37,53,179,235,254,221,144,68,207,244,254,253,202,115,4,0,0,0,0,0,0,0,0,3,4,4,4,4,4,18,154,227,253,204,116,28,159,220,254,254,220,139,11,0,0,0,0,0,0,0,0,0,0,0,0,0,0,32,204,245,250,140,51,2,47,127,244,254,247,220,79,3,0,0,0,0,0,0,0,0,0,0,0,0,0,37,217,250,250,139,49,0,7,34,175,251,254,251,171,22,0,0,0,0,0,0,0,0,0,0,0,0,0,37,217,250,251,159,69,1,1,10,128,246,254,254,208,48,3,0,0,0,0,0,0,0,0,0,0,0,0,39,217,250,250,139,49,0,0,0,46,208,254,254,247,175,65,18,0,0,0,0,0,0,0,0,0,0,1,69,228,251,250,127,37,0,0,0,8,127,246,254,254,247,125,37,0,0,0,0,0,0,0,0,0,0,1,69,228,251,250,127,37,0,0,0,3,83,232,251,254,249,125,37,0,0,0,0,0,0,0,0,0,0,0,33,185,213,213,108,32,0,0,0,0,22,154,201,217,201,77,20,0,0,0,0,0,0,0,0,0,0,0,5,32,37,37,18,5,0,0,0,0,1,20,32,37,32,7,1,0,0,0,0,0,0,0,0,0,0,0,0,3,4,4,2,0,0,0,0,0,0,2,4,4,4,0,0,0,0,0,0,0,0,0,0,0,0,0,0,0,0,0,0,0,0,0,0,0,0,0,0,0,0,0,0,0,0,0,0,0,0,0,0,0,0,0,0,0,0,0,0,0,0,0,0,0,0,0,0,0,0,0,0,0,0
24,0,0,0,0,0,0,0,0,0,0,0,0,0,0,0,0,0,0,0,0,0,0,0,0,0,0,0,0,0,0,0,0,0,0,0,0,0,0,0,0,0,0,0,0,0,0,0,0,0,0,0,0,0,0,0,0,0,0,0,3,21,37,32,7,0,0,0,0,0,0,0,0,0,0,0,0,0,0,0,0,0,0,0,0,0,0,6,77,170,215,202,90,9,7,27,8,0,0,0,0,0,0,0,0,0,0,0,0,0,0,0,0,0,0,16,155,248,254,253,219,95,67,170,117,18,0,0,0,0,0,0,0,0,0,0,0,0,0,0,0,0,0,3,79,220,254,254,253,222,189,161,106,18,0,0,0,0,0,0,0,0,0,0,0,0,0,0,0,0,0,0,10,127,244,254,254,252,237,111,13,0,0,0,0,0,0,0,0,0,0,0,0,0,0,0,0,0,0,0,0,33,163,247,254,254,253,218,77,2,0,0,0,0,0,0,0,0,0,0,0,0,0,0,0,0,0,0,0,1,47,208,254,254,254,250,139,9,0,0,0,0,0,0,0,0,0,0,0,0,0,0,0,0,0,0,0,0,22,171,251,254,254,252,172,22,0,0,0,0,0,0,0,0,0,0,0,0,0,0,0,0,0,0,0,0,3,79,220,254,254,254,232,95,8,0,0,0,0,0,0,0,0,0,0,0,0,0,0,0,0,0,0,0,0,10,127,242,251,254,253,218,79,3,0,0,0,0,2,4,4,4,4,0,0,0,0,0,0,0,0,0,0,0,32,132,189,252,254,251,171,22,0,2,9,46,82,125,127,127,113,33,1,0,0,0,0,0,0,0,0,0,0,36,115,243,254,254,232,100,41,82,139,208,232,249,250,250,243,158,20,0,0,0,0,0,0,0,0,0,0,7,34,175,251,254,253,234,218,233,250,254,254,254,254,254,252,211,36,0,0,0,0,0,0,0,0,0,0,0,3,84,233,254,254,254,254,254,254,254,254,254,254,246,177,110,18,0,0,0,0,0,0,0,0,0,0,0,1,54,222,254,255,255,255,254,254,251,246,222,215,158,36,4,0,0,0,0,0,0,0,0,0,0,4,22,47,164,247,254,255,255,255,254,234,171,127,51,37,20,1,0,0,0,0,0,0,0,0,0,8,46,115,172,208,247,254,254,255,255,255,251,159,31,10,0,0,0,0,0,0,0,0,0,0,0,0,7,46,127,204,233,246,254,254,255,255,255,255,252,179,38,9,0,0,0,0,0,0,0,0,0,0,0,2,75,205,245,254,254,254,254,254,254,251,252,254,254,246,163,91,8,0,0,0,0,0,0,0,0,0,0,2,75,205,247,254,254,254,254,247,208,142,178,247,254,254,245,218,79,3,0,0,0,0,0,0,0,0,0,0,7,47,163,243,249,245,220,159,47,10,48,206,251,254,254,251,169,20,0,0,0,0,0,0,0,0,0,0,0,1,33,113,125,114,50,20,1,0,7,79,187,248,253,251,169,20,0,0,0,0,0,0,0,0,0,0,0,0,0,4,4,4,0,0,0,0,0,4,66,138,202,200,78,3,0,0,0,0,0,0,0,0,0,0,0,0,0,0,0,0,0,0,0,0,0,0,2,9,32,32,7,0,0,0,0,0,0,0,0,0,0,0,0,0,0,0,0,0,0,0,0,0,0,0,0,0,0,0,0,0,0,0,0,0,0,0,0,0,0,0,0,0,0,0,0,0,0,0,0,0,0,0,0,0,0,0,0,0,0,0,0,0,0,0
12,0,0,0,0,0,0,0,0,0,0,0,0,0,0,0,0,0,0,0,0,0,0,0,0,0,0,0,0,0,0,0,0,0,0,0,0,0,0,0,0,0,0,0,0,0,0,0,0,0,0,0,0,0,0,0,0,0,0,0,0,0,0,0,0,0,0,0,0,0,0,0,0,0,0,0,0,0,0,0,0,0,0,0,0,0,0,0,0,0,0,0,0,0,0,0,0,0,0,0,0,0,0,0,0,0,0,0,0,0,0,0,0,0,0,0,0,0,0,0,0,0,0,0,0,0,0,0,0,0,0,0,0,0,0,0,0,0,0,0,0,0,0,0,0,0,0,0,0,0,0,0,0,0,0,0,0,0,0,0,0,0,0,1,0,0,0,0,0,0,0,0,0,0,0,0,0,0,0,0,0,0,0,0,0,0,0,0,0,2,8,16,8,0,0,0,0,0,0,0,0,0,0,0,0,0,0,0,0,0,0,0,0,0,0,7,22,82,137,158,125,32,7,0,0,0,0,0,0,0,0,0,0,0,0,0,0,0,0,0,0,0,1,33,79,170,219,228,205,77,20,0,0,0,0,0,0,0,0,0,0,0,0,0,0,0,0,0,0,5,47,163,218,251,254,254,249,125,37,0,0,0,0,0,0,0,0,0,0,0,0,0,0,0,0,0,12,47,195,247,253,254,254,254,243,113,32,0,0,0,0,0,0,0,0,0,0,0,0,0,0,0,0,7,48,100,231,254,254,255,254,254,220,77,20,0,0,0,0,0,0,0,0,0,0,0,0,0,0,3,22,95,207,232,253,254,252,252,253,244,127,10,1,0,0,0,0,0,0,0,0,0,0,0,0,3,34,79,171,232,253,254,254,234,191,178,212,162,33,0,0,0,0,0,0,0,0,0,0,0,0,2,4,22,95,159,232,251,254,254,251,207,134,97,143,89,8,0,0,0,0,0,0,0,0,0,0,0,10,77,115,172,232,247,254,254,251,244,175,78,32,7,15,6,0,0,0,0,0,0,0,0,0,8,34,50,128,220,243,252,254,254,249,221,170,126,34,3,0,0,0,0,0,0,0,0,0,0,0,0,5,45,115,139,208,247,253,254,254,254,232,144,82,46,7,0,0,0,0,0,0,0,0,0,0,0,0,8,45,194,245,250,254,254,251,233,216,203,122,22,2,0,0,0,0,0,0,0,0,0,0,0,0,0,0,27,100,236,250,250,245,208,171,84,38,32,8,0,0,0,0,0,0,0,0,0,0,0,0,0,0,0,0,19,75,201,217,217,203,127,83,22,5,4,0,0,0,0,0,0,0,0,0,0,0,0,0,0,0,0,0,1,7,32,37,37,32,8,3,0,0,0,0,0,0,0,0,0,0,0,0,0,0,0,0,0,0,0,0,0,0,4,4,4,4,0,0,0,0,0,0,0,0,0,0,0,0,0,0,0,0,0,0,0,0,0,0,0,0,0,0,0,0,0,0,0,0,0,0,0,0,0,0,0,0,0,0,0,0,0,0,0,0,0,0,0,0,0,0,0,0,0,0,0,0,0,0,0,0,0,0,0,0,0,0,0,0,0,0,0,0,0,0,0,0,0,0,0,0,0,0,0,0,0,0,0,0,0,0,0,0,0,0,0,0,0,0,0,0,0,0,0,0,0,0,0,0,0,0,0,0,0,0,0,0,0,0,0,0,0,0,0,0,0,0,0,0,0,0,0,0,0,0,0,0,0,0,0,0,0,0,0,0,0,0,0,0,0,0,0,0,0,0,0,0
1,0,0,0,0,0,0,0,0,0,0,0,0,0,0,0,0,0,0,0,0,0,0,0,0,0,0,0,0,0,0,0,0,0,0,0,0,0,0,0,0,0,0,0,0,0,0,0,4,4,0,0,0,0,0,0,0,0,0,0,0,0,0,0,0,0,0,0,0,0,0,0,0,0,8,46,125,113,34,3,0,0,0,0,0,0,0,0,0,0,0,0,0,0,0,0,0,0,0,0,1,33,126,208,249,243,175,67,2,0,0,0,0,0,0,0,0,0,0,0,0,0,0,0,0,0,0,5,47,163,244,254,254,254,250,170,21,0,0,0,0,0,0,0,0,0,0,0,0,0,0,0,0,0,3,47,195,247,254,250,227,247,254,216,38,0,0,0,0,0,0,0,0,0,0,0,0,0,0,0,0,3,67,175,247,254,234,144,66,178,252,233,82,2,0,0,0,0,0,0,0,0,0,0,0,0,0,0,20,123,222,254,247,176,78,7,20,170,252,250,127,4,0,0,0,0,0,0,0,0,0,0,0,0,0,9,95,231,254,247,195,47,3,0,20,170,252,249,125,4,0,0,0,0,0,0,0,0,0,0,0,0,9,91,219,253,250,175,47,5,0,0,5,129,250,233,82,2,0,0,0,0,0,0,0,0,0,0,0,1,91,219,253,251,187,67,3,0,0,0,5,129,250,217,39,0,0,0,0,0,0,0,0,0,0,0,1,35,219,253,249,207,79,4,0,0,0,0,21,172,251,204,32,0,0,0,0,0,0,0,0,0,0,0,22,159,253,253,207,59,7,0,0,0,0,0,52,220,250,139,9,0,0,0,0,0,0,0,0,0,0,9,95,232,254,232,95,7,0,0,0,0,0,3,159,246,220,77,2,0,0,0,0,0,0,0,0,0,20,158,245,254,219,90,7,0,0,0,0,0,9,91,247,252,179,49,7,0,0,0,0,0,0,0,0,1,52,220,254,234,90,9,0,0,0,0,1,22,95,219,254,254,247,206,78,3,0,0,0,0,0,0,0,20,159,247,250,144,7,0,0,0,0,3,36,159,232,253,255,254,254,251,170,21,0,0,0,0,0,0,0,50,220,254,233,82,0,0,0,0,8,79,175,246,254,254,251,234,236,253,215,37,0,0,0,0,0,0,4,114,245,254,204,34,0,0,7,34,96,218,251,254,253,234,170,87,134,245,215,37,0,0,0,0,0,0,9,140,250,246,127,8,0,10,91,202,234,253,254,246,207,95,21,3,50,215,169,21,0,0,0,0,0,0,32,204,253,208,46,1,34,127,221,253,254,251,220,128,46,7,0,0,18,106,65,2,0,0,0,0,0,0,37,217,250,132,39,126,232,253,254,244,175,83,22,1,0,0,0,0,0,0,0,0,0,0,0,0,0,0,32,203,251,192,179,244,254,247,208,126,34,3,0,0,0,0,0,0,0,0,0,0,0,0,0,0,0,0,8,126,242,252,252,254,244,163,47,8,0,0,0,0,0,0,0,0,0,0,0,0,0,0,0,0,0,0,0,32,131,232,250,243,127,33,1,0,0,0,0,0,0,0,0,0,0,0,0,0,0,0,0,0,0,0,0,0,22,109,127,113,10,0,0,0,0,0,0,0,0,0,0,0,0,0,0,0,0,0,0,0,0,0,0,0,0,3,4,4,0,0,0,0,0,0,0,0,0,0,0,0,0,0,0,0,0,0,0,0,0,0,0,0,0,0,0,0,0,0,0,0,0,0,0,0,0,0,0,0,0,0,0,0,0,0,0
17,0,0,0,0,0,0,0,0,0,0,0,0,0,0,0,0,0,0,0,0,0,0,0,0,0,0,0,0,0,0,0,0,0,0,0,0,0,0,0,0,0,0,0,0,0,0,0,0,0,0,0,0,0,0,0,0,0,0,0,0,0,0,0,0,0,0,0,0,0,0,0,0,0,0,0,0,0,0,0,0,0,0,0,0,0,0,0,0,0,0,0,0,0,0,0,0,0,0,0,0,0,0,0,0,0,0,0,0,0,0,0,0,0,0,0,0,0,0,0,0,0,0,0,0,0,0,0,0,0,0,0,0,0,0,0,0,77,189,8,0,0,0,0,0,0,0,0,0,0,0,0,0,0,0,0,0,0,0,0,0,0,0,8,127,247,254,99,0,0,0,0,0,0,0,0,0,0,0,0,0,0,0,0,0,0,0,0,0,9,159,246,254,245,91,0,0,0,0,0,0,0,0,0,0,0,0,0,0,0,0,0,0,0,0,3,84,248,254,249,158,4,0,0,0,0,0,0,0,0,0,0,0,0,0,0,0,0,0,0,0,1,77,220,254,246,127,45,0,0,0,0,0,0,0,0,0,0,0,0,0,0,0,0,0,0,0,0,1,127,246,254,177,77,0,0,0,0,0,0,0,0,0,0,0,0,0,0,0,0,0,0,0,0,0,3,195,254,246,95,1,0,0,0,0,0,0,0,0,0,0,0,0,0,0,0,0,0,0,0,0,0,5,175,254,163,10,0,0,0,0,0,0,0,0,0,0,0,0,0,0,0,0,1,113,65,0,0,0,7,164,254,131,1,0,0,0,0,0,0,0,0,0,0,0,0,0,0,0,0,47,218,254,244,8,0,22,232,254,163,1,0,0,0,0,0,0,0,0,0,0,0,0,0,0,0,0,23,232,254,255,254,32,33,176,254,232,9,0,0,0,0,0,0,0,0,0,0,0,0,0,0,0,0,10,242,254,248,254,208,23,232,254,252,67,0,0,0,0,0,0,0,0,0,0,0,0,0,0,0,0,2,187,254,221,56,252,193,246,234,193,177,0,0,0,0,0,0,0,0,0,0,0,0,0,0,0,0,0,36,254,247,34,115,254,254,250,40,201,46,0,0,0,0,0,0,0,0,0,0,0,0,0,0,0,0,1,218,254,126,9,220,255,234,36,1,126,2,0,0,0,0,0,0,0,0,0,0,0,0,0,0,0,0,46,253,246,11,100,251,253,111,0,0,1,0,0,0,0,0,0,0,0,0,0,0,0,0,0,0,0,0,127,254,191,128,254,254,171,0,0,0,0,0,0,0,0,0,0,0,0,0,0,0,0,0,0,0,0,0,125,254,254,254,254,232,8,0,0,0,0,0,0,0,0,0,0,0,0,0,0,0,0,0,0,0,0,0,22,215,247,254,246,47,0,0,0,0,0,0,0,0,0,0,0,0,0,0,0,0,0,0,0,0,0,0,0,4,91,217,154,3,0,0,0,0,0,0,0,0,0,0,0,0,0,0,0,0,0,0,0,0,0,0,0,0,0,0,0,0,0,0,0,0,0,0,0,0,0,0,0,0,0,0,0,0,0,0,0,0,0,0,0,0,0,0,0,0,0,0,0,0,0,0,0,0,0,0,0,0,0,0,0,0,0,0,0,0,0,0,0,0,0,0,0,0,0,0,0,0,0,0,0,0,0,0,0,0,0,0,0,0,0,0,0,0,0,0,0,0,0,0,0,0,0,0,0,0,0,0,0,0,0,0,0,0,0,0,0,0,0,0,0,0,0
9,0,0,0,0,0,0,0,0,0,0,0,0,0,0,0,0,0,0,0,0,0,0,0,0,0,0,0,0,0,0,0,0,0,0,0,0,0,0,0,0,0,0,0,0,0,0,0,0,0,0,0,0,0,0,0,0,0,0,0,0,0,0,0,0,0,0,0,0,0,0,0,0,0,0,0,0,0,0,0,0,0,0,0,0,0,0,0,0,0,0,0,0,0,0,0,0,0,0,0,0,0,0,0,0,0,0,0,0,0,0,0,0,0,0,0,0,0,0,0,0,0,0,0,0,0,0,0,0,0,0,0,0,0,0,0,0,0,0,0,0,0,0,0,0,0,0,0,0,0,0,0,0,0,0,0,0,0,0,0,0,0,0,0,0,0,0,0,0,0,0,0,0,0,0,0,0,0,0,0,0,0,0,0,0,0,0,0,0,0,0,0,0,0,0,0,0,0,0,0,0,0,0,0,0,0,0,0,0,0,0,0,0,0,0,0,0,0,0,2,4,4,0,0,0,0,0,0,0,0,0,0,0,0,0,0,0,0,0,0,0,0,0,0,0,3,21,82,125,113,32,0,0,0,0,0,0,0,0,0,0,0,0,0,0,0,0,0,0,0,1,20,38,84,170,233,249,241,113,4,0,0,0,0,0,0,0,0,0,0,0,0,0,0,0,0,0,2,36,158,216,234,252,252,252,243,113,4,0,0,0,0,0,0,0,0,0,0,0,0,0,0,0,4,11,77,177,246,254,254,252,179,172,156,33,0,0,0,0,0,0,0,0,0,0,0,0,0,7,32,51,114,141,220,252,254,247,220,170,35,21,19,1,0,0,0,0,0,0,0,0,0,0,0,2,9,95,202,222,245,251,254,250,232,159,52,21,0,0,0,0,0,0,0,0,0,0,0,0,2,9,47,159,220,252,255,252,250,245,207,52,21,3,0,0,0,0,0,0,0,0,0,0,0,0,0,3,77,139,209,247,254,252,232,173,129,114,46,1,0,0,0,0,0,0,0,0,0,0,0,0,0,0,20,83,220,250,254,252,234,170,83,22,5,4,0,0,0,0,0,0,0,0,0,0,0,0,0,0,2,12,123,230,252,245,220,170,84,21,3,0,0,0,0,0,0,0,0,0,0,0,0,0,0,0,0,2,63,138,220,249,177,116,50,21,3,0,0,0,0,0,0,0,0,0,0,0,0,0,0,0,0,0,0,3,106,197,171,137,34,4,0,0,0,0,0,0,0,0,0,0,0,0,0,0,0,0,0,0,0,0,0,0,18,32,21,8,0,0,0,0,0,0,0,0,0,0,0,0,0,0,0,0,0,0,0,0,0,0,0,0,0,0,0,0,0,0,0,0,0,0,0,0,0,0,0,0,0,0,0,0,0,0,0,0,0,0,0,0,0,0,0,0,0,0,0,0,0,0,0,0,0,0,0,0,0,0,0,0,0,0,0,0,0,0,0,0,0,0,0,0,0,0,0,0,0,0,0,0,0,0,0,0,0,0,0,0,0,0,0,0,0,0,0,0,0,0,0,0,0,0,0,0,0,0,0,0,0,0,0,0,0,0,0,0,0,0,0,0,0,0,0,0,0,0,0,0,0,0,0,0,0,0,0,0,0,0,0,0,0,0,0,0,0,0,0,0,0,0,0,0,0,0,0,0,0,0,0,0,0,0,0,0,0,0,0,0,0,0,0,0,0,0,0,0,0,0,0,0,0,0,0,0,0,0,0,0,0,0,0,0,0,0,0,0,0,0,0,0,0,0,0,0,0,0
1,0,0,0,0,0,0,0,0,0,0,0,0,0,0,0,0,0,0,0,0,0,0,0,0,0,0,0,0,0,0,0,0,0,0,0,0,0,0,0,0,0,0,0,0,0,0,0,0,0,0,0,0,0,0,0,0,0,0,0,0,0,0,0,0,0,0,0,0,0,0,0,0,0,0,0,0,0,0,0,0,0,0,0,0,0,0,0,0,0,0,0,0,0,0,0,0,0,0,0,0,0,0,0,0,0,0,4,9,36,18,0,0,0,0,0,0,0,0,0,0,0,0,0,0,0,0,0,0,0,0,0,7,32,52,202,222,245,136,0,0,0,0,0,0,0,0,0,0,0,0,0,0,0,0,0,0,0,3,21,95,202,222,253,254,247,156,1,0,0,0,0,0,0,0,0,0,0,0,0,0,0,0,2,2,33,171,232,252,254,254,253,219,51,19,0,0,0,0,0,0,0,0,0,0,0,0,0,0,0,33,80,65,164,251,254,254,247,217,202,90,1,0,0,0,0,0,0,0,0,0,0,0,0,0,1,77,128,232,252,251,254,253,254,239,109,5,4,0,0,0,0,0,0,0,0,0,0,0,0,3,16,10,47,218,249,254,252,250,250,221,243,246,129,0,0,0,0,0,0,0,0,0,0,0,0,0,22,159,227,222,246,254,246,202,95,37,37,144,250,254,215,4,0,0,0,0,0,0,0,0,0,0,5,33,159,247,254,254,254,209,127,34,7,0,1,139,250,254,213,4,0,0,0,0,0,0,0,0,0,3,127,232,254,251,238,219,170,22,0,0,0,0,3,184,253,211,60,0,0,0,0,0,0,0,0,0,20,52,231,254,247,171,95,48,21,0,0,0,0,0,4,215,254,185,26,0,0,0,0,0,0,0,0,3,200,250,254,253,128,24,4,0,0,0,0,0,0,0,21,233,254,170,21,0,0,0,0,0,0,0,0,2,170,250,254,254,224,172,110,6,5,15,1,0,0,0,37,249,252,84,3,0,0,0,0,0,0,0,0,0,20,95,227,226,253,254,249,217,217,213,96,32,8,0,49,250,250,37,0,0,0,0,0,0,0,0,0,0,0,7,68,64,207,249,250,254,254,253,234,203,126,9,82,252,249,37,0,0,0,0,0,0,0,0,0,0,0,0,0,0,8,37,64,218,247,251,254,254,251,148,189,254,222,11,0,0,0,0,0,0,0,0,0,0,0,0,0,0,0,0,5,51,157,154,220,254,254,251,252,254,236,84,22,0,0,0,0,0,0,0,0,0,0,0,0,0,0,0,0,0,2,2,22,114,129,234,254,254,254,251,232,95,37,50,80,22,0,0,0,0,0,0,0,0,0,0,0,0,0,0,0,4,7,154,232,250,250,254,254,234,217,222,231,154,2,0,0,0,0,0,0,0,0,0,0,0,0,0,0,0,0,3,21,37,52,202,222,251,254,255,254,215,4,0,0,0,0,0,0,0,0,0,0,0,0,0,0,0,0,0,0,0,1,32,51,175,249,250,232,154,2,0,0,0,0,0,0,0,0,0,0,0,0,0,0,0,0,0,0,0,0,0,0,7,37,37,21,3,0,0,0,0,0,0,0,0,0,0,0,0,0,0,0,0,0,0,0,0,0,0,0,0,0,0,0,0,0,0,0,0,0,0,0,0,0,0,0,0,0,0,0,0,0,0,0,0,0,0,0,0,0,0,0,0,0,0,0,0,0,0,0,0,0,0,0,0,0,0,0,0,0,0,0,0,0,0,0,0,0,0,0,0,0,0
24,0,0,0,0,0,0,0,0,0,0,0,0,0,0,0,0,0,0,0,0,0,0,0,0,0,0,0,0,0,0,0,0,0,0,0,0,0,0,0,0,0,0,0,0,0,0,0,0,0,0,0,2,3,0,0,0,0,0,0,0,0,0,0,0,0,0,0,0,0,0,0,0,0,0,0,0,0,0,2,65,106,18,0,0,0,0,0,0,0,0,0,0,0,0,0,0,0,0,0,0,0,0,0,0,0,0,24,170,210,37,0,0,0,0,0,0,0,0,0,0,0,0,0,0,0,0,0,0,0,0,0,0,1,33,131,234,217,37,0,0,0,0,0,0,0,0,0,0,0,0,0,0,0,0,0,0,0,0,0,1,35,163,244,254,217,37,0,0,0,0,0,0,3,0,0,0,0,0,0,0,0,0,0,0,0,0,0,47,164,245,254,252,214,37,0,0,0,0,5,58,175,107,70,27,27,0,0,0,0,0,0,0,0,7,79,232,254,254,231,102,65,17,0,0,0,0,31,189,247,238,227,186,178,12,4,0,0,0,0,0,2,46,206,254,253,221,123,20,1,0,0,0,0,0,21,169,247,251,252,252,246,141,109,22,2,0,0,2,55,144,246,251,218,91,10,0,0,0,0,0,0,0,2,65,126,160,184,232,251,250,232,143,78,22,9,35,170,238,253,176,79,8,0,0,0,0,0,0,0,0,0,2,5,16,27,83,171,247,253,250,222,172,129,145,244,254,244,48,3,0,0,0,0,0,0,0,0,0,0,0,0,0,0,3,24,159,211,249,254,252,246,240,254,252,175,7,0,0,0,0,0,0,0,0,0,0,0,0,0,0,0,0,0,20,59,191,236,254,254,254,254,239,110,1,0,0,0,0,0,0,0,0,0,0,0,0,0,0,0,0,0,0,1,38,179,252,255,254,254,254,232,84,27,16,1,0,0,0,0,0,0,0,0,0,0,0,0,0,0,1,23,131,244,254,251,234,235,253,254,232,184,146,35,3,0,0,0,0,0,0,0,0,0,0,0,0,0,33,159,234,254,246,175,86,97,207,246,254,253,245,175,65,2,0,0,0,0,0,0,0,0,0,0,0,0,115,243,254,250,175,36,3,7,46,131,237,253,254,247,125,4,0,0,0,0,0,0,0,0,0,0,0,20,188,252,246,175,67,3,0,0,0,20,107,218,249,243,114,4,0,0,0,0,0,0,0,0,0,0,7,95,250,251,175,36,3,0,0,0,0,0,9,77,127,145,43,0,0,0,0,0,0,0,0,0,0,0,36,203,253,218,79,3,0,0,0,0,0,0,0,2,5,15,5,0,0,0,0,0,0,0,0,0,5,58,196,249,208,47,1,0,0,0,0,0,0,0,0,0,0,0,0,0,0,0,0,0,0,0,0,0,32,190,249,254,138,9,0,0,0,0,0,0,0,0,0,0,0,0,0,0,0,0,0,0,0,0,0,0,32,203,253,232,66,2,0,0,0,0,0,0,0,0,0,0,0,0,0,0,0,0,0,0,0,0,0,0,8,122,212,126,4,0,0,0,0,0,0,0,0,0,0,0,0,0,0,0,0,0,0,0,0,0,0,0,0,20,63,20,0,0,0,0,0,0,0,0,0,0,0,0,0,0,0,0,0,0,0,0,0,0,0,0,0,0,1,0,0,0,0,0,0,0,0,0,0,0,0,0,0,0,0,0,0,0,0,0,0,0,0,0,0,0,0,0,0,0,0,0,0,0,0,0,0,0,0,0,0,0,0,0,0,0,0
18,0,0,0,0,0,0,0,0,0,0,0,0,0,0,0,0,0,0,0,0,0,0,0,0,0,0,0,0,0,0,0,0,0,0,0,0,0,0,0,0,0,0,0,0,0,0,0,0,0,0,0,0,0,0,0,0,0,0,0,0,0,0,0,0,0,0,0,0,0,0,0,0,0,0,0,2,4,4,4,0,0,0,0,0,0,0,0,0,0,0,0,0,0,0,0,0,0,0,0,0,0,0,1,20,32,36,32,7,1,0,0,0,0,0,0,0,0,0,0,0,0,0,0,0,0,0,0,0,0,1,8,77,113,124,113,32,7,0,0,0,0,0,0,0,0,0,0,0,0,0,0,0,0,0,0,0,9,35,91,218,243,248,241,113,32,4,0,0,0,0,0,0,0,0,0,0,0,0,0,0,0,0,0,1,35,91,163,245,253,254,248,124,36,4,0,0,0,0,0,0,0,0,0,0,0,0,0,0,0,0,3,10,91,163,219,253,254,251,242,113,32,4,0,0,0,0,0,0,0,0,0,0,0,0,0,0,8,33,79,127,221,246,253,246,221,175,127,32,7,0,0,0,0,0,0,0,0,0,0,0,0,0,0,1,35,90,159,207,247,253,253,219,164,95,47,7,1,0,0,0,0,0,0,0,0,0,0,0,0,0,1,9,91,163,218,244,254,253,245,163,91,36,10,0,0,0,0,0,0,0,0,0,0,0,0,0,1,22,47,95,219,245,253,254,246,219,163,35,9,1,0,0,0,0,0,0,0,0,0,0,0,0,0,1,8,79,127,175,246,253,254,254,221,164,91,9,1,0,0,0,0,0,0,0,0,0,0,0,0,0,1,9,35,159,207,232,253,254,254,252,177,96,36,1,0,0,0,0,0,0,0,0,0,0,0,0,0,7,33,90,163,245,253,254,254,255,254,250,129,39,5,0,0,0,0,0,0,0,0,0,0,0,0,0,0,23,79,159,218,253,254,254,254,254,254,250,127,37,4,0,0,0,0,0,0,0,0,0,0,0,0,1,7,59,131,207,243,250,250,251,254,254,254,250,127,37,4,0,0,0,0,0,0,0,0,0,0,0,2,20,76,206,232,240,220,141,131,146,236,252,254,249,125,37,4,0,0,0,0,0,0,0,0,0,0,0,3,32,111,236,240,218,163,52,43,69,222,250,254,246,115,33,4,0,0,0,0,0,0,0,0,0,0,0,3,31,106,210,201,158,91,11,9,41,217,250,252,238,95,26,3,0,0,0,0,0,0,0,0,0,0,0,0,5,18,36,32,20,7,0,4,32,202,243,252,240,102,28,3,0,0,0,0,0,0,0,0,0,0,0,0,0,2,4,4,2,0,0,2,20,159,220,244,230,80,20,2,0,0,0,0,0,0,0,0,0,0,0,0,0,0,0,0,0,0,0,0,7,95,174,222,204,45,8,0,0,0,0,0,0,0,0,0,0,0,0,0,0,0,0,0,0,0,0,0,0,20,63,95,74,7,0,0,0,0,0,0,0,0,0,0,0,0,0,0,0,0,0,0,0,0,0,0,0,5,18,27,19,1,0,0,0,0,0,0,0,0,0,0,0,0,0,0,0,0,0,0,0,0,0,0,0,0,2,3,2,0,0,0,0,0,0,0,0,0,0,0,0,0,0,0,0,0,0,0,0,0,0,0,0,0,0,0,0,0,0,0,0,0,0,0,0,0,0,0,0,0,0,0,0,0,0,0,0,0,0,0,0,0,0,0,0,0,0,0,0,0,0,0,0,0,0,0,0
1,0,0,0,0,0,0,0,0,0,0,0,0,0,0,0,0,0,0,0,0,0,0,0,0,0,0,0,0,0,0,0,0,0,0,0,0,0,0,0,0,0,2,4,4,4,4,4,0,0,0,0,0,0,0,0,0,0,0,0,0,0,0,0,0,0,0,0,0,10,77,125,127,127,127,114,46,8,0,0,0,0,0,0,0,0,0,0,0,0,0,0,0,0,0,7,46,128,220,249,250,250,250,245,208,127,46,7,0,0,0,0,0,0,0,0,0,0,0,0,0,0,10,91,207,245,253,250,250,250,250,252,254,246,207,90,7,0,0,0,0,0,0,0,0,0,0,0,1,33,127,221,253,247,208,140,127,127,129,177,246,254,253,202,34,0,0,0,0,0,0,0,0,0,0,1,35,163,244,254,245,164,47,9,4,4,5,36,163,246,254,233,82,2,0,0,0,0,0,0,0,0,0,22,159,245,254,244,163,35,1,0,0,0,0,1,36,177,252,249,125,4,0,0,0,0,0,0,0,0,7,95,232,254,234,131,33,1,0,0,0,0,0,0,4,115,245,250,127,4,0,0,0,0,0,0,0,0,46,207,253,247,159,23,0,0,0,0,0,0,0,0,0,51,222,250,127,4,0,0,0,0,0,0,0,4,115,245,254,208,47,1,0,0,0,0,0,0,0,0,0,51,222,249,125,4,0,0,0,0,0,0,0,21,172,252,250,140,9,0,0,0,0,0,0,0,0,0,4,115,245,232,82,2,0,0,0,0,0,0,0,37,215,254,245,114,4,0,0,0,0,0,0,0,0,0,34,177,250,172,22,0,0,0,0,0,0,0,0,32,203,253,222,52,0,0,0,0,0,0,0,0,0,6,115,243,243,115,4,0,0,0,0,0,0,0,0,9,140,250,233,82,2,0,0,0,0,0,0,0,3,67,188,249,175,34,0,0,0,0,0,0,0,0,0,4,113,243,245,128,10,1,20,36,30,4,0,7,48,175,248,218,79,3,0,0,0,0,0,0,0,0,0,0,33,163,235,189,95,54,159,208,130,19,11,91,207,246,231,95,8,0,0,0,0,0,0,0,0,0,0,0,4,68,226,251,234,222,247,240,161,128,141,221,252,222,123,20,0,0,0,0,0,0,0,0,0,0,0,7,78,176,247,254,254,254,254,254,251,250,250,254,251,155,19,0,0,0,0,0,0,0,0,0,0,0,0,32,200,251,254,254,255,255,255,254,254,254,254,254,254,221,91,10,0,0,0,0,0,0,0,0,0,0,0,21,169,248,252,252,250,250,250,249,233,222,245,252,254,253,221,122,19,0,0,0,0,0,0,0,0,0,0,2,65,126,170,170,129,127,127,125,82,52,115,172,220,247,253,218,50,0,0,0,0,0,0,0,0,0,0,0,2,5,20,20,5,4,4,4,2,0,4,21,52,164,246,245,114,4,0,0,0,0,0,0,0,0,0,0,0,0,0,0,0,0,0,0,0,0,0,0,1,36,178,242,114,4,0,0,0,0,0,0,0,0,0,0,0,0,0,0,0,0,0,0,0,0,0,0,0,16,141,187,45,0,0,0,0,0,0,0,0,0,0,0,0,0,0,0,0,0,0,0,0,0,0,0,0,4,30,32,5,0,0,0,0,0,0,0,0,0,0,0,0,0,0,0,0,0,0,0,0,0,0,0,0,0,0,0,0,0,0,0,0,0,0,0,0,0,0,0,0,0,0,0,0,0,0,0,0,0,0,0,0,0,0,0,0,0,0,0,0,0,0
8,0,0,0,0,0,0,0,0,0,0,0,0,0,0,0,0,0,0,0,0,0,0,0,0,0,0,0,0,0,0,0,0,0,0,0,0,0,0,0,0,0,0,0,0,0,0,0,0,0,0,0,0,0,0,0,0,0,0,0,0,0,0,0,0,0,0,0,0,0,0,0,0,0,0,0,0,0,0,0,0,0,0,0,0,0,0,0,0,0,0,0,0,0,0,0,0,0,0,0,0,0,0,0,0,0,0,0,0,0,0,0,0,0,0,0,0,0,0,0,0,0,0,0,0,0,0,0,0,0,0,0,0,0,0,0,0,0,0,0,0,0,0,0,0,0,0,0,0,0,0,0,0,0,0,0,0,0,0,0,0,0,0,0,0,0,0,0,0,0,0,0,0,0,0,0,0,0,0,0,0,0,0,0,0,0,0,0,0,0,0,0,0,0,0,0,0,0,0,0,0,0,0,0,0,0,0,0,0,0,0,0,0,0,0,0,0,2,4,4,4,0,0,0,0,0,0,0,4,4,4,9,20,5,4,4,9,32,37,51,114,127,127,127,129,172,217,217,213,45,0,0,0,0,0,8,113,127,127,140,170,129,127,127,140,203,217,222,245,250,250,250,250,252,254,254,253,100,3,0,0,0,2,77,243,250,250,250,252,250,250,250,250,254,254,254,254,254,255,255,255,254,254,246,218,45,0,0,0,0,3,111,249,250,250,250,250,250,250,250,250,250,252,254,254,254,250,250,250,249,208,127,50,5,0,0,0,0,0,7,37,37,37,49,49,37,37,37,37,46,158,254,251,218,52,37,37,37,8,0,0,0,0,0,0,0,0,0,0,0,0,0,0,0,0,0,0,20,170,252,189,80,1,0,0,0,0,0,0,0,0,0,0,0,0,0,0,0,0,0,0,0,0,0,0,16,159,250,148,43,7,0,0,0,0,0,0,0,0,0,0,0,0,0,0,0,0,0,0,0,0,0,0,3,83,249,236,216,95,34,9,4,2,0,0,0,0,0,0,0,0,0,0,0,0,0,0,0,0,0,0,0,5,95,207,245,250,245,222,217,172,127,82,32,5,0,0,0,0,0,0,0,0,0,0,0,0,0,0,0,0,7,46,114,177,243,252,254,252,249,233,190,45,0,0,0,0,0,0,0,0,0,0,0,0,0,0,0,0,0,0,4,34,115,172,220,250,254,254,240,100,3,0,0,0,0,0,0,0,0,0,0,0,0,0,0,0,0,0,0,0,4,21,50,139,204,233,194,45,0,0,0,0,0,0,0,0,0,0,0,0,0,0,0,0,0,0,0,0,0,0,0,0,4,20,8,0,0,0,0,0,0,0,0,0,0,0,0,0,0,0,0,0,0,0,0,0,0,0,0,0,0,0,0,0,0,0,0,0,0,0,0,0,0,0,0,0,0,0,0,0,0,0,0,0,0,0,0,0,0,0,0,0,0,0,0,0,0,0,0,0,0,0,0,0,0,0,0,0,0,0,0,0,0,0,0,0,0,0,0,0,0,0,0,0,0,0,0,0,0,0,0,0,0,0,0,0,0,0,0,0,0,0,0,0,0,0,0,0,0,0,0,0,0,0,0,0,0,0,0,0,0,0,0,0,0,0,0,0,0,0,0,0,0,0,0,0,0,0,0,0,0,0,0,0,0,0,0,0,0,0,0,0,0,0,0,0,0,0,0,0,0,0,0,0,0,0,0,0,0,0,0,0,0,0,0,0,0,0,0,0,0,0,0,0,0,0,0,0,0,0,0,0,0,0
4,0,0,0,0,0,0,0,0,0,0,0,0,0,0,0,0,0,0,0,0,0,0,0,0,0,0,0,0,0,0,0,0,0,0,0,0,0,0,0,0,0,0,0,0,0,0,0,0,0,0,0,0,0,0,0,0,0,0,0,0,0,0,0,0,0,0,0,0,0,0,0,0,0,0,0,0,0,0,0,0,0,0,0,0,0,0,7,32,20,1,0,0,0,0,0,0,0,0,0,0,0,0,0,0,0,0,0,0,0,0,0,0,0,2,77,199,154,22,0,0,0,0,0,0,0,0,0,0,0,0,0,0,0,0,0,0,0,0,0,0,0,4,125,249,232,83,3,0,0,0,0,0,0,0,0,0,0,0,0,0,2,3,0,0,0,0,0,0,0,4,127,250,251,157,16,0,0,0,0,0,0,0,0,0,0,0,0,7,76,112,50,20,1,0,0,0,0,4,125,249,250,139,8,0,0,0,0,0,0,0,0,0,0,0,0,32,201,244,220,158,35,1,0,0,0,2,82,233,250,129,5,0,0,0,0,0,0,4,4,4,4,9,28,46,217,254,254,245,158,20,0,0,0,0,39,217,252,173,23,4,9,32,37,37,51,114,127,127,127,140,190,159,236,254,254,254,220,50,0,0,0,0,32,204,253,232,114,116,140,204,217,217,222,245,250,250,250,251,253,251,254,248,241,254,245,114,4,0,0,0,9,140,250,253,239,246,250,254,254,254,254,254,254,251,254,254,254,254,245,168,161,251,250,127,4,0,0,0,4,114,245,255,254,254,250,245,222,217,217,217,204,154,204,217,217,215,158,45,142,251,250,127,4,0,0,0,0,50,220,254,254,222,141,114,51,37,37,37,32,14,32,37,37,37,22,49,209,254,245,114,4,0,0,0,0,21,172,252,251,143,14,4,0,0,0,0,0,0,0,0,0,0,22,159,247,254,208,46,0,0,0,0,0,4,115,243,252,173,22,0,0,0,0,0,0,0,0,0,0,7,95,232,254,244,126,8,0,0,0,0,0,0,34,175,251,232,83,3,0,0,0,0,0,0,0,0,3,48,207,253,251,175,34,0,0,0,0,0,0,0,3,84,233,251,171,22,0,0,0,0,0,0,0,7,78,176,247,253,218,79,3,0,0,0,0,0,0,0,0,34,202,253,232,95,7,0,0,0,0,0,7,59,207,251,253,219,91,8,0,0,0,0,0,0,0,0,0,7,95,232,253,207,48,5,4,4,5,22,95,207,249,251,218,91,9,0,0,0,0,0,0,0,0,0,0,0,22,159,245,247,177,129,127,127,129,173,232,253,251,187,79,8,0,0,0,0,0,0,0,0,0,0,0,0,1,35,163,245,252,250,250,250,250,252,254,247,206,79,4,0,0,0,0,0,0,0,0,0,0,0,0,0,0,1,35,163,243,250,250,250,250,249,232,159,47,7,0,0,0,0,0,0,0,0,0,0,0,0,0,0,0,0,1,33,113,127,127,127,127,125,82,22,1,0,0,0,0,0,0,0,0,0,0,0,0,0,0,0,0,0,0,0,4,4,4,4,4,4,2,0,0,0,0,0,0,0,0,0,0,0,0,0,0,0,0,0,0,0,0,0,0,0,0,0,0,0,0,0,0,0,0,0,0,0,0,0,0,0,0,0,0,0,0,0,0,0,0,0,0,0,0,0,0,0,0,0,0,0,0,0,0,0,0,0,0,0,0,0,0,0,0,0,0,0,0,0,0,0,0,0,0,0,0,0,0,0,0,0,0,0,0,0,0,0